Posizione,Interprete,Canzone,anno,Autori,Tematiche,Pos
1º,Nilla Pizzi,Grazie dei fiori,1951,Gian Carlo Testoni e Mario Panzeri,"['grazie', 'fiori']",1
2º,Nilla Pizzi e Achille Togliani,La luna si veste d'argento,1951,Biri,"['luna', 'veste', 'argento']",2
3º,Achille Togliani,Serenata a nessuno,1951,Walter Colì,['serenata'],3
1º,Nilla Pizzi,Vola Colomba,1952,B. Cherubini e C. Concina,"['vola', 'colomba']",1
2º,Nilla Pizzi,Papaveri e papere,1952,"N. Rastelli, M. Panzeri e V. Mascheroni","['papaveri', 'papere']",2
3º,Nilla Pizzi,Una donna prega,1952,Pinchi e V. Panzuti,"['donna', 'prega']",3
4º,Oscar Carboni,Madonna delle rose,1952,G. Fiorelli e M. Ruccione,"['madonna', 'rose']",4
5º,Gino Latilla,Un disco dall'Italia,1952,N. Salerno e G. D'Anzi,"['disco', 'dall', 'italia']",5
6º,Gino Latilla,L'attesa,1952,Biri e N. Ravasini,['attesa'],6
7º,Oscar Carboni,Perché le donne belle,1952,A. Sopranzi e G. Fassino,"['perché', 'donne', 'belle']",7
8º,Achille Togliani,Vecchie mura,1952,Filibello e P. E. Bassi,"['vecchie', 'mura']",8
9º,Achille Togliani,Libro di novelle,1952,L. Citi e M. Casini,"['libro', 'novelle']",9
10º,Nilla Pizzi e Achille Togliani,Nel regno dei sogni,1952,A. Papetti e C. A. Rossi,"['regno', 'sogni']",10
1º,Carla Boni - Flo Sandon's,Viale d'autunno,1953,G. D'Anzi,"['viale', 'autunno']",1
2º,Nilla Pizzi e Doppio Quintetto Vocale - Teddy Reno e Quartetto Stars,Campanaro,1953,B. Cherubini e C. Concina,['campanaro'],2
3º (ex aequo),Achille Togliani - Teddy Reno,Lasciami cantare una canzone,1953,M. Cozzoli e C. A. Bixio,"['lasciami', 'cantare', 'canzone']",3
3º (ex aequo),Gino Latilla e Doppio Quintetto Vocale - Giorgio Consolini,Vecchio scarpone,1953,"Calibi, Pinchi e C. Donida","['vecchio', 'scarpone']",3
5º,Gino Latilla - Giorgio Consolini,Vecchia villa comunale,1953,R. Ruocco e N. Oliviero,"['vecchia', 'villa', 'comunale']",5
6º,Achille Togliani - Katyna Ranieri,No Pierrot,1953,A. Costanzo e R. Salani,['pierrot'],6
7º,Carla Boni - Quartetto Stars,Il passerotto,1953,E. Di Lazzaro e D. Valentini,['passerotto'],7
8º,Nilla Pizzi e Doppio Quintetto Vocale - Teddy Reno e Quartetto Stars,Sussurrando buonanotte,1953,"Danpa, B. Pallesi e V. Panzuti","['sussurrando', 'buonanotte']",8
9º,Gino Latilla e Doppio Quintetto Vocale - Giorgio Consolini,Tamburino del reggimento,1953,Deani,"['tamburino', 'reggimento']",9
10º,Nilla Pizzi e Doppio Quintetto Vocale - Teddy Reno e Quartetto Stars,Papà Pacifico,1953,N. Rastelli e A. Fragna,"['papà', 'pacifico']",10
1º,Giorgio Consolini - Gino Latilla,Tutte le mamme,1954,U. Bertini e E. Falcocchio,['mamme'],1
2º,Katyna Ranieri - Achille Togliani,Canzone da due soldi,1954,Pinchi e C. Donida,"['canzone', 'soldi']",2
3º,Gino Latilla - Franco Ricci,...e la barca tornò sola,1954,M. Ruccione,"['barca', 'tornò', 'sola']",3
4º,Natalino Otto - Vittoria Mongardi,Notturno (Per chi non ha nessuno),1954,F. S. Mangieri,"['notturno', 'ha']",4
5º,Flo Sandon's - Carla Boni,Non è mai troppo tardi,1954,D. Olivieri,"['troppo', 'tardi']",5
6º,Quartetto Cetra - Vittoria Mongardi e Duo Fasano,Aveva un bavero,1954,M. Panzeri e V. Ripa,"['aveva', 'bavero']",6
7º,Gino Latilla e Duo Fasano - Katyna Ranieri e Giorgio Consolini,Sotto l'ombrello,1954,N. Casiroli,"['sotto', 'ombrello']",7
8º,Achille Togliani - Natalino Otto,Mogliettina,1954,S. Seracini,['mogliettina'],8
9º,Achille Togliani - Flo Sandon's e Natalino Otto,Con te,1954,A. De Curtis,[],9
10º,Achille Togliani - Natalino Otto,Donnina sola,1954,"S. Simoni, A. Valleroni e M. Casini","['donnina', 'sola']",10
1º,Claudio Villa - Tullio Pane,Buongiorno tristezza,1955,G. Fiorelli e M. Ruccione,"['buongiorno', 'tristezza']",1
2º,Claudio Villa - Tullio Pane,Il torrente,1955,C. A. Liman e L. Carmi,['torrente'],2
3º,"Natalino Otto e Trio Aurora - Bruno Pallesi, Nuccia Bongiovanni e Radio Boys",Canto nella valle,1955,M. Panzeri e U. Fusco,"['canto', 'valle']",3
4º,Claudio Villa - Narciso Parigi,Incantatella,1955,E. Bonagura,['incantatella'],4
5º,Antonio Basurto - Gianni Ravera,Un cuore,1955,P. Mendes e E. Falcocchio,['cuore'],5
6º,Jula de Palma - Marisa Colomber,L'ombra,1955,W. Colì,['ombra'],6
7º,Narciso Parigi e Radio Boys - Natalino Otto e Trio Aurora,Ci ciu cì (Cantava un usignol),1955,E. Minoretti e S. Seracini,"['ciu', 'cì', 'cantava', 'usignol']",7
8º,Natalino Otto - Antonio Basurto,Una fotografia nella cornice,1955,"L. Mannucci, A. V. Savona e E. Fecchi","['fotografia', 'cornice']",8
1º,Franca Raimondi,Aprite le finestre,1956,Pinchi e V. Panzuti,"['aprite', 'finestre']",1
2º,Tonina Torrielli,Amami se vuoi,1956,M. Panzeri e V. Mascheroni,"['amami', 'vuoi']",2
3º,Luciana Gonzales,La vita è un paradiso di bugie,1956,D. Calcagno e N. Oliviero,"['vita', 'paradiso', 'bugie']",3
4º,Tonina Torrielli,Il cantico del cielo,1956,A. Testa e C. A. Rossi,"['cantico', 'cielo']",4
5º,Ugo Molinari,La colpa fu,1956,"Gippi, L. Beretta e E. Sciorilli","['colpa', 'fu']",5
6º,Tonina Torrielli,Il bosco innamorato,1956,G. C. Testoni e G. Kramer,"['bosco', 'innamorato']",6
7º,Ugo Molinari,Albero caduto,1956,G. Fiorelli e M. Ruccione,"['albero', 'caduto']",7
8º,Gianni Marzocchi,Musetto (La più bella sei tu),1956,D. Modugno,['musetto'],8
9º,Ugo Molinari,Nota per nota,1956,G. Viezzoli,"['nota', 'nota']",9
10º,Ugo Molinari,Due teste sul cuscino,1956,G. C. Testoni e F. Rendine,"['teste', 'cuscino']",10
1º,Claudio Villa - Nunzio Gallo,Corde della mia chitarra,1957,G. Fiorelli e M. Ruccione,"['corde', 'chitarra']",1
2º,Claudio Villa - Giorgio Consolini,Usignolo,1957,"G. Castellani, L. L. Martelli e C. Concina",['usignolo'],2
3º,Gino Latilla - Tonina Torrielli,Scusami,1957,"Biri, W. Malgoni e M. Perrone",['scusami'],3
4º,"Carla Boni, Gino Latilla e Duo Fasano - Gloria Christian e Poker di Voci",Casetta in Canadà,1957,M. Panzeri e V. Mascheroni,"['casetta', 'canadà']",4
5º,Claudio Villa - Giorgio Consolini,Cancello tra le rose,1957,U. Bertini e M. De Paolis,"['cancello', 'rose']",5
6º,Claudio Villa e Gino Latilla - Natalino Otto e Poker di Voci,Il pericolo numero uno,1957,E. Bonagura e M. Cozzoli,"['pericolo', 'numero']",6
7º,Tina Allori - Tonina Torrielli,Intorno a te (È sempre primavera),1957,"D. Bernazza, M. De Angelis, A. Piga e Falco","['intorno', 'sempre', 'primavera']",7
8º,Carla Boni - Nunzio Gallo,Per una volta ancora,1957,U. Bertini e G. D'Anzi,"['volta', 'ancora']",8
9º,Gino Baldi e Duo Fasano - Natalino Otto e Poker di Voci,Un filo di speranza,1957,G. C. Testoni e S. Seracini,"['filo', 'speranza']",9
10º,"Carla Boni e Duo Fasano - Gloria Christian, Natalino Otto e Poker di Voci",Le trote blu,1957,D. Calcagno e L. Gelmini,"['trote', 'blu']",10
1º,Domenico Modugno - Johnny Dorelli,Nel blu dipinto di blu,1958,D. Modugno e F. Migliacci,"['blu', 'dipinto', 'blu']",1
2º,Nilla Pizzi - Tonina Torrielli,L'edera,1958,V. D'Acquisto e S. Seracini,['edera'],2
3º,Gino Latilla - Nilla Pizzi,Amare un'altra,1958,R. Pazzaglia e G. Fabor,['amare'],3
4º,Claudio Villa - Giorgio Consolini,Campana di Santa Lucia,1958,B. Cherubini e C. Concina,"['campana', 'santa', 'lucia']",4
5º,Claudio Villa - Nilla Pizzi,Giuro d'amarti così,1958,M. Panzeri e V. Mascheroni,"['giuro', 'amarti']",5
6º,Carla Boni e Gino Latilla - Aurelio Fierro e Gloria Christian,Timida serenata,1958,N. Salerno e G. Redi,"['timida', 'serenata']",6
7º,Claudio Villa e Duo Fasano - Aurelio Fierro e Trio Joyce,Fragole e cappellini,1958,M. Panzeri e S. Seracini,"['fragole', 'cappellini']",7
8º,Natalino Otto - Carla Boni e Gino Latilla,Non potrai dimenticare,1958,B. Pallesi e W. Malgoni,"['potrai', 'dimenticare']",8
9º,Tonina Torrielli - Cristina Jorio,Mille volte,1958,Zibio e G. Fabor,"['mille', 'volte']",9
10º,Johnny Dorelli - Natalino Otto,Fantastica,1958,"A. Costanzo, C. Gori e P. Bentivoglio",['fantastica'],10
1º,Domenico Modugno - Johnny Dorelli,Piove (ciao ciao bambina),1959,D. Modugno e D. Verde,"['piove', 'bambina']",1
2º,Arturo Testa - Gino Latilla,Io sono il vento,1959,G. C. Testoni e G. Fanciulli,['vento'],2
3º,Teddy Reno - Achille Togliani,Conoscerti,1959,G. D'Anzi,['conoscerti'],3
4º,Jula de Palma - Tonina Torrielli,Tua,1959,B. Pallesi e W. Malgoni,[],4
5º,Teddy Reno - Aurelio Fierro,Lì per lì,1959,L. Beretta e G. Viezzoli,"['lì', 'lì']",5
6º,Fausto Cigliano - Nilla Pizzi,Sempre con te,1959,R. Murolo,['sempre'],6
7º,Natalino Otto - Aurelio Fierro,Avevamo la stessa età,1959,D. Calcagno e M. Marini,"['avevamo', 'stessa', 'età']",7
8º,Betty Curtis - Wilma De Angelis,Nessuno,1959,"A. De Simone, E. Capotosti e V. Mascheroni",[],8
9º,Johnny Dorelli e Betty Curtis - Gino Latilla e Claudio Villa,Una marcia in Fa,1959,M. Panzeri e V. Mascheroni,"['marcia', 'fa']",9
10º,Claudio Villa - Betty Curtis,Un bacio sulla bocca,1959,A. Testa e G. Cichellero,"['bacio', 'bocca']",10
1º,Tony Dallara - Renato Rascel,Romantica,1960,D. Verde e R. Rascel,['romantica'],1
2º,Domenico Modugno - Teddy Reno,Libero,1960,D. Modugno e F. Migliacci,['libero'],2
3º,Wilma De Angelis - Joe Sentieri,Quando vien la sera,1960,A. Testa e C. A. Rossi,"['vien', 'sera']",3
4º,Nilla Pizzi - Tonina Torrielli,Colpevole,1960,V. D'Acquisto e S. Seracini,['colpevole'],4
5º,Joe Sentieri - Sergio Bruni,È mezzanotte,1960,"A. Testa, R. Cozzoli e G. Compare",['mezzanotte'],5
6º,Giorgio Consolini - Sergio Bruni,Il mare,1960,A. Pugliese e A. Vian,['mare'],6
7º,Jula de Palma - Tony Dallara,Noi,1960,B. Pallesi e W. Malgoni,[],7
8º,Teddy Reno - Mina,È vero,1960,N. Salerno e U. Bindi,['vero'],8
9º,Fausto Cigliano - Irene D'Areni,Splende il sole,1960,Pinchi e Danpa,"['splende', 'sole']",9
10º,Johnny Dorelli - Jula de Palma,Notte mia,1960,M. Zanfagna e M. De Martino,['notte'],10
1º,Betty Curtis - Luciano Tajoli,Al di là,1961,Mogol - Donida,['là'],1
2º,Adriano Celentano - Little Tony,24mila baci,1961,"P. Vivarelli, L. Fulci e A. Celentano","['24mila', 'baci']",2
3º,Milva - Gino Latilla,Il mare nel cassetto,1961,Rolla - La Valle - Lattuada,"['mare', 'cassetto']",3
4º,Mina - Nelly Fioramonti,Io amo tu ami,1961,E. Bonagura - G. Redi,"['amo', 'ami']",4
5º,Mina - Jenny Luna,Le mille bolle blu,1961,V. Pallavicini e C. A. Rossi,"['mille', 'bolle', 'blu']",5
6º,Pino Donaggio - Teddy Reno,Come sinfonia,1961,P. Donaggio,['sinfonia'],6
7º,Arturo Testa - Tonina Torrielli,Febbre di musica,1961,Biri e V. Mascheroni,"['febbre', 'musica']",7
8º,Teddy Reno - Sergio Bruni,Mandolino mandolino,1961,A. Vian e A. Pugliese,"['mandolino', 'mandolino']",8
9º,Sergio Bruni - Rocco Granata,Carolina dai,1961,D. Pace e M. Panzeri,['carolina'],9
10º,Gino Paoli - Tony Dallara,Un uomo vivo,1961,G. Paoli,"['uomo', 'vivo']",10
11º,Umberto Bindi - Miranda Martino,Non mi dire chi sei,1961,G. Calabrese - U. Bindi,['dire'],11
12º,Joe Sentieri - Fausto Cigliano,Lei,1961,R. Pazzaglia - J. Sentieri,[],12
1º,Domenico Modugno - Claudio Villa,Addio...addio...,1962,F. Migliacci e D. Modugno,"['addio', 'addio']",1
2º,Sergio Bruni - Milva,Tango italiano,1962,B. Pallesi e W. Malgoni,"['tango', 'italiano']",2
3º,Sergio Bruni - Ernesto Bonino,Gondolì gondolà,1962,Nisa e R. Carosone,"['gondolì', 'gondolà']",3
4º,Tony Renis - Emilio Pericoli,Quando quando quando,1962,A. Testa e T. Renis,[],4
5º,Milva - Miriam Del Mare,Stanotte al luna park,1962,"V. Pallavicini, Biri e C. A. Rossi","['stanotte', 'luna', 'park']",5
6º,Gino Bramieri - Aurelio Fierro,Lui andava a cavallo,1962,N. Salerno e N. Ravasini,"['andava', 'cavallo']",6
7º,Arturo Testa - Jolanda Rossin,Un'anima leggera,1962,P. Rolla e F. Bergamini,"['anima', 'leggera']",7
8º,Joe Sentieri - Aurelio Fierro,Cipria di sole,1962,G. Marotta e S. Mazzocco,"['cipria', 'sole']",8
9º,Tonina Torrielli - Nelly Fioramonti,Aspettandoti,1962,S. Seracini e V. D'Acquisto,['aspettandoti'],9
10º,Johnny Dorelli - Betty Curtis,Buongiorno amore,1962,M. Panzeri e J. Dorelli,"['buongiorno', 'amore']",10
11º,Flo Sandon's - Mario D'Alba,Passa il tempo,1962,S. Taccani e U. Bertini,"['passa', 'tempo']",11
12º,Nunzio Gallo - Rocco Montana,Inventiamo la vita,1962,V. Mascheroni e G. C. Testoni,"['inventiamo', 'vita']",12
1º,Tony Renis - Emilio Pericoli,Uno per tutte,1963,"Mogol, A. Testa e T. Renis",[],1
2º,Claudio Villa - Eugenia Foligatti,Amor mon amour my love,1963,"W. Malgoni, Pinchi e B. Pallesi","['amor', 'mon', 'amour', 'my', 'love']",2
3º,Pino Donaggio - Cocky Mazzetti,Giovane giovane,1963,P. Donaggio e A. Testa,"['giovane', 'giovane']",3
4º,Wilma De Angelis - Johnny Dorelli,Non costa niente,1963,"G. Calabrese, D. Calcagno e E. Sciorilli",['costa'],4
5º,Milva - Luciano Tajoli,Ricorda,1963,C. Donida e Mogol,['ricorda'],5
6º,Tonina Torrielli - Eugenia Foligatti,Perdonarsi in due,1963,G. D'Anzi e Pinchi,['perdonarsi'],6
7º,Aurelio Fierro - Claudio Villa,Occhi neri e cielo blu,1963,M. Panzeri e D. Pace,"['occhi', 'neri', 'cielo', 'blu']",7
8º,Emilio Pericoli - Sergio Bruni,Sull'acqua,1963,M. Pagano e F. Maresca,"['sull', 'acqua']",8
9º,Aura D'Angelo - Arturo Testa,Tu venisti dal mare,1963,F. Rendine e A. Pugliese,"['venisti', 'mare']",9
10º,Milva - Gianni Lacommare,Non sapevo,1963,P. Calvi e B. Pallesi,['sapevo'],10
1º,Gigliola Cinquetti - Patricia Carli,Non ho l'età (Per amarti),1964,"M. Panzeri, Nisa, G. Colonnello","['età', 'amarti']",1
2º (pari merito),Domenico Modugno - Frankie Laine,Che me ne importa a me,1964,D. Modugno,['importa'],2
2º (pari merito),Tony Dallara - Ben E. King,Come potrei dimenticarti,1964,V. Pallavicini e E. Leoni,"['potrei', 'dimenticarti']",2
2º (pari merito),Gino Paoli - Antonio Prieto,Ieri ho incontrato mia madre,1964,G. Paoli,"['ieri', 'incontrato', 'madre']",2
2º (pari merito),Fabrizio Ferretti - Gil Fields e The Fraternity Brothers,La prima che incontro,1964,V. Pallavicini e G. Kramer,"['prima', 'incontro']",2
2º (pari merito),Pino Donaggio - Frankie Avalon,Motivo d'amore,1964,P. Donaggio,"['motivo', 'amore']",2
2º (pari merito),Roby Ferrante - Paul Anka,Ogni Volta,1964,C. Rossi e R. Ferrante,"['ogni', 'volta']",2
2º (pari merito),Little Tony - Gene Pitney,Quando vedrai la mia ragazza,1964,C. Rossi e E. Ciacci,"['vedrai', 'ragazza']",2
2º (pari merito),Bruno Filippini - Gil Fields e The Fraternity Brothers,Sabato sera,1964,B. Pallesi e W. Malgoni,"['sabato', 'sera']",2
2º (pari merito),Remo Germani - Nino Tempo e April Stevens,Stasera no no no,1964,V. Pallavicini e E. Roncarati,['stasera'],2
2º (pari merito),Robertino - Bobby Rydell,Un bacio piccolissimo,1964,G. Ornati e G. Mescoli,"['bacio', 'piccolissimo']",2
2º (pari merito),Bobby Solo - Frankie Laine,Una lacrima sul viso,1964,Mogol e B. Solo,"['lacrima', 'viso']",2
1º,Bobby Solo - The New Christy Minstrels,"Se piangi, se ridi",1965,"Mogol, G. Marchetti, R. Satti","['piangi', 'ridi']",1
2º (pari merito),Ornella Vanoni - Udo Jürgens,Abbracciami forte,1965,Mogol e C. Donida,"['abbracciami', 'forte']",2
2º (pari merito),Nicola Di Bari - Gene Pitney,Amici miei,1965,V. Pallavicini e G. Colonnello,['amici'],2
2º (pari merito),Fred Bongusto - Kiki Dee,Aspetta domani,1965,V. Pallavicini e F. Bongusto,"['aspetta', 'domani']",2
2º (pari merito),Gigliola Cinquetti - Connie Francis,Ho bisogno di vederti,1965,P. Ciampi e R. Ciampi,"['bisogno', 'vederti']",2
2º (pari merito),Betty Curtis - Petula Clark,Invece no,1965,V. Pallavicini e E. Leoni,['invece'],2
2º (pari merito),Pino Donaggio - Jody Miller,Io che non vivo (senza te),1965,V. Pallavicini e P. Donaggio,['vivo'],2
2º (pari merito),Bruno Filippini - Yukari Ito,L'amore ha i tuoi occhi,1965,V. Pallavicini e G. Kramer,"['amore', 'ha', 'occhi']",2
2º (pari merito),Wilma Goich - The New Christy Minstrels,Le colline sono in fiore,1965,"Mogol, Calibi, C. Donida e R. Angiolini","['colline', 'fiore']",2
2º (pari merito),Remo Germani e Le Amiche - Audrey,Prima o poi,1965,"V. Pallavicini, A. Amurri e G. Ferrari","['prima', 'poi']",2
2º (pari merito),Vittorio Inzaina - Les Surfs,Si vedrà,1965,A. Gentile e C. Lentini,['vedrà'],2
2º (pari merito),Milva - Bernd Spier,Vieni con noi,1965,F. Maresca e M. Pagano,['vieni'],2
1º,Domenico Modugno - Gigliola Cinquetti,"Dio, come ti amo",1966,D. Modugno,"['dio', 'amo']",1
2º,Caterina Caselli - Gene Pitney,Nessuno mi può giudicare,1966,"D. Pace, M. Panzeri, L. Beretta e M. Del Prete","['può', 'giudicare']",2
3º,Wilma Goich - Les Surfs,In un fiore,1966,C. Donida e Mogol,['fiore'],3
4º,Pino Donaggio - Claudio Villa,Una casa in cima al mondo,1966,P. Donaggio e V. Pallavicini,"['casa', 'cima', 'mondo']",4
5º,Anna Identici - The New Christy Minstrels,Una rosa da Vienna,1966,G. Guarnieri e B. Lauzi,"['rosa', 'vienna']",5
6º (ex aequo),Orietta Berti - Ornella Vanoni,Io ti darò di più,1966,M. Remigi e A. Testa,['darò'],6
6º (ex aequo),Giorgio Gaber - Pat Boone,Mai mai mai Valentina,1966,G. Colonnello e A. Testa,['valentina'],6
8º,Edoardo Vianello - Françoise Hardy,Parlami di te,1966,E. Vianello e V. Pallavicini,['parlami'],8
9º (ex aequo),Sergio Endrigo - Chad & Jeremy,Adesso sì,1966,S. Endrigo,"['adesso', 'sì']",9
9º (ex aequo),Milva - Richard Anthony,Nessuno di voi,1966,G. Kramer e V. Pallavicini,[],9
9º (ex aequo),Peppino Gagliardi - Pat Boone,Se tu non fossi qui,1966,C. A. Rossi e M. Terzi,['fossi'],9
12º,Remo Germani - Les Surfs,Così come viene,1966,E. Leoni e V. Pallavicini,['viene'],12
13º,Iva Zanicchi - Vic Dana,La notte dell'addio,1966,"A. Amadesi, G. Diverio, M. Remigi e A. Testa","['notte', 'dell', 'addio']",13
14º,I Ribelli - The New Christy Minstrels,A la buena de Dios,1966,G. Malgoni e B. Pallesi,"['buena', 'de', 'dios']",14
1º,Claudio Villa - Iva Zanicchi,Non pensare a me,1967,A. Testa e E. Sciorilli,['pensare'],1
2º,Annarita Spinaci - Les Surfs,Quando dico che ti amo,1967,A. Testa e T. Renis,"['dico', 'amo']",2
3º,I Giganti - The Bachelors,Proposta,1967,Albula e G. B. Martelli,['proposta'],3
4º,Ornella Vanoni - Mario Guarnera,La musica è finita,1967,"Nisa, F. Califano e U. Bindi","['musica', 'finita']",4
5º,Orietta Berti - Les Compagnons de la Chanson,"Io, tu e le rose",1967,"D. Pace, M. Panzeri, M. G. Gili e L. Barazzetti",['rose'],5
6º,Lucio Dalla - The Rokes,Bisogna saper perdere,1967,G. Cassia e R. Cini,"['bisogna', 'saper', 'perdere']",6
7º,Sergio Endrigo - Memo Remigi,Dove credi di andare,1967,S. Endrigo,"['dove', 'credi', 'andare']",7
8º,Gian Pieretti - Antoine,Pietre,1967,G. Pieretti e R. Gianco,['pietre'],8
9º,Johnny Dorelli - Don Backy,L'immensità,1967,"D. Backy, Mogol e D. Mariano",['immensità'],9
10º,Little Tony - Mario Zelinotti,Cuore matto,1967,A. Ambrosino e T. Savio,"['cuore', 'matto']",10
11º (ex aequo),Pino Donaggio - Carmen Villani,Io per amore,1967,"P. Donaggio, G. Paoli e V. Pallavicini",['amore'],11
11º (ex aequo),Wilma Goich - The Bachelors,Per vedere quant'è grande il mondo,1967,Mogol e C. Donida,"['vedere', 'quant', 'mondo']",11
13º (ex aequo),Giorgio Gaber - Remo Germani,E allora dai,1967,G. Gaber,['allora'],13
13º (ex aequo),Gianni Pettenati - Gene Pitney,La rivoluzione,1967,Mogol e R. Soffici,['rivoluzione'],13
1º,Sergio Endrigo - Roberto Carlos,Canzone per te,1968,"S. Endrigo, S. Bardotti",['canzone'],1
2º,Ornella Vanoni - Marisa Sannia,Casa bianca,1968,"A. Caponi, E. La Valle","['casa', 'bianca']",2
3º,Adriano Celentano - Milva,Canzone,1968,"A. Caponi, D. Mariano",['canzone'],3
4º,Fausto Leali - Wilson Pickett,Deborah,1968,"V. Pallavicini, G. Conte e P. Massara",['deborah'],4
5º,Antoine - Gianni Pettenati,La tramontana,1968,D. Pace e M. Panzeri,['tramontana'],5
6º,Anna Identici - The Sandpipers,Quando m'innamoro,1968,"M. Panzeri, D. Pace e R. Livraghi","['m', 'innamoro']",6
7º,Massimo Ranieri - I Giganti,Da bambino,1968,R. Pradella e R. Angiolini,['bambino'],7
8º,Gigliola Cinquetti - Giuliana Valci,Sera,1968,R. Vecchioni e A. Lo Vecchio,['sera'],8
9º,Al Bano - Bobbie Gentry,La siepe,1968,V. Pallavicini e P. Massara,['siepe'],9
10º,Little Tony - Mario Guarnera,Un uomo piange solo per amore,1968,"Petaluma, M. Vicari e M. Marrocchi","['uomo', 'piange', 'amore']",10
11º,Wilma Goich - Dino,Gli occhi miei,1968,Mogol e C. Donida,['occhi'],11
12º,Annarita Spinaci - Yoko Kishi,Stanotte sentirai una canzone,1968,T. Queirolo e F. Bracardi,"['stanotte', 'sentirai', 'canzone']",12
13º,Louis Armstrong - Lara Saint Paul,Mi va di cantare,1968,"V. Buonassisi, G. Bertero, M. Marini e A. Valleroni","['va', 'cantare']",13
14º,Tony Del Monaco - Dionne Warwick,La voce del silenzio,1968,"P. Limiti, Mogol e E. Isola","['voce', 'silenzio']",14
1º,Bobby Solo - Iva Zanicchi,Zingara,1969,L. Albertelli e E. Riccardi,['zingara'],1
2º,Sergio Endrigo - Mary Hopkin,Lontano dagli occhi,1969,"S. Bardotti, S. Endrigo e L. Bacalov","['lontano', 'occhi']",2
3º,Don Backy - Milva,Un sorriso,1969,A. Caponi e D. Mariano,['sorriso'],3
4º,Fausto Leali - Tony Del Monaco,Un'ora fa,1969,"L. Beretta, E. Parazzini e G. Intra","['ora', 'fa']",4
5º,Nada - The Rokes,Ma che freddo fa,1969,F. Migliacci e C. Mattone,"['freddo', 'fa']",5
6º,Gigliola Cinquetti - France Gall,La pioggia,1969,"D. Pace, G. Argenio, C. Conti e M. Panzeri",['pioggia'],6
7º,Mal - The Showmen,Tu sei bella come sei,1969,"G. Cassia, S. Bardotti, M. Marrocchi e M. Vicari",[],7
8º,Caterina Caselli - Johnny Dorelli,Il gioco dell'amore,1969,F. Migliacci e I. Callegari,"['gioco', 'dell', 'amore']",8
9º,Lucio Battisti - Wilson Pickett,Un'avventura,1969,Mogol e L. Battisti,['avventura'],9
10º,Orietta Berti - Massimo Ranieri,Quando l'amore diventa poesia,1969,Mogol e P. Soffici,"['amore', 'diventa', 'poesia']",10
11º,Carmen Villani - Alessandra Casaccia,Piccola piccola,1969,"V. Buonassisi, G. Bertero, M. Marini e A. Valleroni","['piccola', 'piccola']",11
12º,Little Tony - Mario Zelinotti,Bada bambina,1969,F. Migliacci e B. Zambrini,"['bada', 'bambina']",12
13º,Rita Pavone - Dik Dik,Zucchero,1969,"Mogol, L. Clausetti, R. Soffici, P. Soffici e R. Guscelli",['zucchero'],13
14º,Riccardo Del Turco - Antoine,Cosa hai messo nel caffè?,1969,"G. Bigazzi, R. Del Turco e G. Reverberi","['hai', 'messo', 'caffè']",14
1º,Adriano Celentano - Claudia Mori,Chi non lavora non fa l'amore,1970,"L. Beretta, M. Del Prete, A. Celentano, N. de Luca","['lavora', 'fa', 'amore']",1
2º,Nicola Di Bari - Ricchi e Poveri,La prima cosa bella,1970,"Mogol, M. Scommegna, G. F. Reverberi",['prima'],2
3º,Sergio Endrigo - Iva Zanicchi,L'arca di Noè,1970,"S. Endrigo, L. Bacalov","['arca', 'noè']",3
4º,Ornella Vanoni - Camaleonti,Eternità,1970,"G. Bigazzi, C. Cavallaro",['eternità'],4
5º,Patty Pravo - Little Tony,La spada nel cuore,1970,"Mogol, C. Donida Labati","['spada', 'cuore']",5
6º,Gigliola Cinquetti - Bobby Solo,Romantico blues,1970,"L. Pilat, M. Panzeri e D. Pace","['romantico', 'blues']",6
7º,Rosalino Cellamare - Nada,Pa' diglielo a ma',1970,"F. Migliacci, R. Gigli, E. Sbriccoli, M. Cantini e L. Greco","['pa', 'diglielo']",7
8º (ex aequo),Antoine - Anna Identici,Taxi,1970,"G. Argenio, F. Arrigoni, D. Pace, M. Panzeri e C. Conti",['taxi'],8
8º (ex aequo),Orietta Berti - Mario Tessuto,Tipitipitì,1970,"L. Pilat, M. Panzeri e D. Pace",['tipitipitì'],8
10º,Luciano Tajoli - Mal,Sole pioggia e vento,1970,Mogol e A. Isola,"['sole', 'pioggia', 'vento']",10
11º,Gianni Nazzaro - Marisa Sannia,L'amore è una colomba,1970,G. Bigazzi e Totò Savio,"['amore', 'colomba']",11
12º,Fausto Leali - Carmen Villani,Hippy,1970,L. Beretta e F. Leali,['hippy'],12
13º,Tony Renis - Sergio Leonardi,Canzone blu,1970,"Mogol, A. Testa e E. Cesari","['canzone', 'blu']",13
14º,Nino Ferrer - Caterina Caselli,Re di cuori,1970,"G. Bigazzi, C. Cavallaro e Totò Savio","['re', 'cuori']",14
1º,Nada - Nicola Di Bari,Il cuore è uno zingaro,1971,F. Migliacci e C. Mattone,"['cuore', 'zingaro']",1
2º,Ricchi e Poveri - José Feliciano,Che sarà,1971,"F. Migliacci, C. Pes e J. Fontana",['sarà'],2
3º,Lucio Dalla - Equipe 84,4 marzo 1943,1971,L. Dalla e P. Pallottino,"['4', 'marzo', '1943']",3
4º,Donatello - Marisa Sannia,Com'è dolce la sera,1971,L. Albertelli e E. Riccardi,"['com', 'dolce', 'sera']",4
5º,Adriano Celentano - Coro Alpino Milanese,Sotto le lenzuola,1971,"L. Beretta, M. Del Prete e A. Celentano","['sotto', 'lenzuola']",5
6º,Domenico Modugno - Carmen Villani,Come stai?,1971,R. Pazzaglia e D. Modugno,['stai'],6
7º,Don Backy - Gianni Nazzaro,Bianchi cristalli sereni,1971,A. Caponi,"['bianchi', 'cristalli', 'sereni']",7
8º,Al Bano - Aguaviva,"13, storia d'oggi",1971,V. Pallavicini e A. Carrisi,"['13', 'storia', 'oggi']",8
9º,Gigliola Cinquetti - Ray Conniff,Rose nel buio,1971,"L. Pilat, M. Panzeri e D. Pace","['rose', 'buio']",9
10º,Caterina Caselli - Dik Dik,Ninna nanna (Cuore mio),1971,L. Albertelli e E. Riccardi,"['ninna', 'nanna', 'cuore']",10
11º,Pino Donaggio - Peppino Di Capri,L'ultimo romantico,1971,V. Pallavicini e P. Donaggio,"['ultimo', 'romantico']",11
12º,Little Tony - Formula 3,La folle corsa,1971,Mogol e C. Donida,"['folle', 'corsa']",12
13º,Sergio Endrigo - New Trolls,Una storia,1971,S. Endrigo,['storia'],13
14º,Sergio Menegale - Wallace Collection,Il sorriso il paradiso,1971,S. Menegale e G. D'Errico,"['sorriso', 'paradiso']",14
1º,Nicola Di Bari,I giorni dell'arcobaleno,1972,"M. Scommegna, D. Masini, P. Pintucci","['giorni', 'dell', 'arcobaleno']",1
2º,Peppino Gagliardi,Come le viole,1972,P. Gagliardi e G. Amendola,['viole'],2
3º,Nada,Il re di denari,1972,C. Mattone e F. Migliacci,"['re', 'denari']",3
4º,Gianni Morandi,Vado a lavorare,1972,"F. Migliacci, Petaluma, M. Marrocchi e V. Tariciotti","['vado', 'lavorare']",4
5º,Gianni Nazzaro,Non voglio innamorarmi mai,1972,M. Signorini e G. Bigazzi,['innamorarmi'],5
6º,Delirium,Jesahel,1972,O. Prudente e I. Fossati,['jesahel'],6
7º,Marcella Bella,Montagne verdi,1972,G. Bigazzi e G. Bella,"['montagne', 'verdi']",7
8º,Lucio Dalla,Piazza Grande,1972,"L. Dalla, R. Cellamare, G. Baldazzi e S. Bardotti",['piazza'],8
9º,Gigliola Cinquetti,Gira l'amore (Caro bebè),1972,M. Panzeri e D. Pace,"['gira', 'amore', 'caro', 'bebè']",9
10º,Donatello,Ti voglio,1972,R. Sanna e D.L. Pieretti,[],10
11º,Ricchi e Poveri,Un diadema di ciliegie,1972,R. Bertola,"['diadema', 'ciliegie']",11
12º,Milva,Mediterraneo,1972,L. Albertelli e E. Riccardi,['mediterraneo'],12
13º,Lara Saint Paul,Se non fosse fra queste mie braccia lo inventerei,1972,E. Suligoj e L. Beretta,"['fosse', 'braccia', 'inventerei']",13
14º,Domenico Modugno,Un calcio alla città,1972,"D. Modugno, M. Castellacci e R. Pazzaglia","['calcio', 'città']",14
1º,Peppino Di Capri,Un grande amore e niente più,1973,"F. Califano, G. Wright, G. Faiella, C. Mattone",['amore'],1
2º,Peppino Gagliardi,Come un ragazzino,1973,"G. Amendola, P. Gagliardi",['ragazzino'],2
3º,Milva,Da troppo tempo,1973,"L. Albertelli, G. Colonnello","['troppo', 'tempo']",3
4º,Ricchi e Poveri,Dolce frutto,1973,C. Minellono e U. Balsamo,"['dolce', 'frutto']",4
5º,Gilda Giuliani,Serena,1973,V. Pallavicini e G. Mescoli,['serena'],5
6º,Wess e Dori Ghezzi,Tu nella mia vita,1973,"Lubiak, F. Monti Arduini",['vita'],6
7º,Roberto Vecchioni,L'uomo che si gioca il cielo a dadi,1973,R. Vecchioni,"['uomo', 'gioca', 'cielo', 'dadi']",7
8º,Fausto Leali,La bandiera di sole,1973,V. Pallavicini e F. Leali,"['bandiera', 'sole']",8
9º,Umberto Balsamo,Amore mio,1973,"C. Minellono, U. Balsamo",['amore'],9
10º,Anna Identici,Mi son chiesta tante volte,1973,P. P. Preti e G. Guarneri,"['son', 'chiesta', 'tante', 'volte']",10
11º,Camaleonti,Come sei bella,1973,G. Bigazzi e C. Cavallaro,[],11
12º,Donatello,Tu giovane amore mio,1973,"G. Pieretti, F. Monachesi, R. Gianco e A. Nicorelli","['giovane', 'amore']",12
13º,Memo Remigi,Il mondo è qui,1973,M. Remigi,['mondo'],13
14º,Alessandro,Tre minuti di ricordi,1973,M. Del Prete e A. Pintus,"['tre', 'minuti', 'ricordi']",14
15º,Lionello,Straniera straniera,1973,F. Specchia e F. Chiaravalle,"['straniera', 'straniera']",15
16º,Lara Saint Paul,Una casa grande,1973,"A. Lo Vecchio, N. Aprile e N. Villa",['casa'],16
1º,Iva Zanicchi,Ciao cara come stai?,1974,"C. Malgioglio, C. Daiano, Dinaro e I. Ianne","['cara', 'stai']",1
2º,Domenico Modugno,Questa è la mia vita,1974,"L. Beretta, D. Modugno e E. Suligoj",['vita'],2
3º,Orietta Berti,Occhi rossi,1974,"D. Pace, C. Conti, L. Pilat e M. Panzeri","['occhi', 'rossi']",3
1,Gilda,Ragazza del sud,1975,R. Scalabrino,"['ragazza', 'sud']",1
2,Angela Luce,Ipocrisia,1975,P. Giordano e E. Alfieri,['ipocrisia'],2
2,Rosanna Fratello,Va' speranza va',1975,G. Taddei e F. Graniero,"['va', 'speranza', 'va']",2
4,Valentina Greco,Un grande addio,1975,"G. Puzzo, B. Moglia, P. Limiti, E. Capotosti e M. C. Lacamera",['addio'],4
5,Laura,E poi e poi,1975,N. La Mantia,"['poi', 'poi']",5
6,Franco e le Piccole Donne,Come Humphrey Bogart,1975,L. Raggi e B. Pallini,"['humphrey', 'bogart']",6
1º,Peppino Di Capri,Non lo faccio più,1976,"Depsa, S. Iodice e F. Berlincioni",['faccio'],1
2º,Wess e Dori Ghezzi,"Come stai, con chi sei",1976,"C. Minellono, F. Piccarreda e U. Balsamo",['stai'],2
3º (ex aequo),Sandro Giacobbe,Gli occhi di tua madre,1976,"S. Giacobbe, D. Pace e O. Avogadro","['occhi', 'madre']",3
3º (ex aequo),Albatros,Volo AZ 504,1976,V. Pallavicini e T. Cutugno,"['volo', 'az', '504']",3
5º,Paolo Frescura,Due anelli,1976,A. De Sanctis e P. Frescura,['anelli'],5
6º,Drupi,Sambariò,1976,L. Albertelli e E. Riccardi,['sambariò'],6
7º,Carlo Gigli,Più forte,1976,Schiava e C. Gigli,['forte'],7
8º,Daniel Sentacruz Ensemble,Linda bella Linda,1976,"C. Dammicco, Querencio, Sentacruz e F. Specchia","['linda', 'linda']",8
9º,Gli Opera,L'ho persa ancora,1976,"F. Ricciardi, O. Avogadro e D. Pace","['persa', 'ancora']",9
10º,Camaleonti,Cuore di vetro,1976,G. Bigazzi e T. Savio,"['cuore', 'vetro']",10
11º,Orietta Berti,Omar,1976,M. Battaini e L. Beretta,['omar'],11
12º,La Strana Società,Andiamo via,1976,"C. Conti, F. Cassano e L. Albertelli","['andiamo', 'via']",12
13º,Ricchi e Poveri con I Nostri Figli,Due storie dei musicanti,1976,L. Bacalov e S. Bardotti,"['storie', 'musicanti']",13
14º,Patrizio Sandrelli,Piccola donna addio,1976,V. Stavolo e F. Zulian,"['piccola', 'donna', 'addio']",14
15º (ex aequo),Sergio Endrigo,Quando c'era il mare,1976,S. Endrigo,"['c', 'era', 'mare']",15
15º (ex aequo),Miko,Signora tu,1976,G. Pegoraro e P. M. Bozzetti,['signora'],15
17º,Profeti,Cercati un'anima,1976,"D. Ciletti, C. Cavallaro, D. Pace e O. Avogadro","['cercati', 'anima']",17
18º,La Nuova Gente,Che sarei,1976,P. Landro e E. Cardullo,['sarei'],18
1º,Homo Sapiens,Bella da morire,1977,R. Pareti e A. Salerno,['morire'],1
2º,Collage,Tu mi rubi l'anima,1977,G. Padovan e A. De Sanctis,"['rubi', 'anima']",2
3º,I Santo California,Monica,1977,"P. Pinna, G. Simonelli e E. Palumbo",['monica'],3
1º,Matia Bazar,...e dirsi ciao,1978,"G. Golzi, A. Stellita, P. Cassano, C. Marrale e A. Ruggiero",['dirsi'],1
2º,Anna Oxa,Un'emozione da poco,1978,I. Fossati e G. Guglielminetti,"['emozione', 'poco']",2
3º,Rino Gaetano,Gianna,1978,R. Gaetano,['gianna'],3
4º,Ciro Sebastianelli,Il buio e tu,1978,"C. Sebastianelli, D. Pace e O. Avogadro",['buio'],4
5º,Anselmo Genovese,Tu sola,1978,A. Genovese e L. Capello,['sola'],5
6º,Santino Rocchetti,Armonia e poesia,1978,S. Rocchetti e A. Lo Vecchio,"['armonia', 'poesia']",6
7º,Schola Cantorum,Il mio amore,1978,M. Luberti e E. Fusco,['amore'],7
8º,Laura Luca,Domani domani,1978,G. Pieretti e A. Nicorelli,"['domani', 'domani']",8
9º,Daniel Sentacruz Ensemble,1/2 notte,1978,"Zacar, S. Grieco, C. Dammicco e Sentacruz","['1', '2', 'notte']",9
1º,Mino Vergnaghi,Amare,1979,P. Finà e S. Ortone,['amare'],1
2º,Enzo Carella,Barbara,1979,E. Carella e P. Panella,['barbara'],2
3º,I Camaleonti,Quell'attimo in più,1979,"M. Lavezzi, O. Avogadro e D. Pace","['quell', 'attimo']",3
4º,Collage,La gente parla,1979,"A. De Sanctis, S. Di Nardo e M. Marrocchi","['gente', 'parla']",4
5º,Enrico Beruschi,Sarà un fiore,1979,"D. Pace, C. Conti e M. Panzeri","['sarà', 'fiore']",5
6º,Franco Fanigliulo,A me mi piace vivere alla grande,1979,"O. Avogadro, R. Borghetti, F. Fanigliulo e D. Pace","['piace', 'vivere']",6
7º,Lorella Pescerelli,New York,1979,F. Migliacci e F. Paulin,"['new', 'york']",7
8º,Kim & The Cadillacs,C'era un'atmosfera,1979,A. Stellita e P. Cassano,"['c', 'era', 'atmosfera']",8
9º,Umberto Napolitano,Bimba mia,1979,U. Napolitano,['bimba'],9
10º,Pandemonium,Tu fai schifo sempre,1979,"A. Giordano, M. Paulicelli e G. Mauro","['fai', 'schifo', 'sempre']",10
11º,Antoine,Nocciolino,1979,M. Piccoli,['nocciolino'],11
12º,Grimm,Liana,1979,L. Lazzarini,['liana'],12
1º,Toto Cutugno,Solo noi,1980,S. Cutugno,[],1
2º,Enzo Malepasso,Ti voglio bene,1980,Depsa e E. Malepasso,['bene'],2
3º,Pupo,Su di noi,1980,"P. Barabani, D. Milani e E. Ghinazzi",[],3
1º,Alice,Per Elisa,1981,"C. Bissi, F. Battiato e G. Pio",['elisa'],1
2º,Loretta Goggi,Maledetta primavera,1981,P. A. Cassella e T. Savio,"['maledetta', 'primavera']",2
3º,Dario Baldan Bembo,Tu cosa fai stasera?,1981,P. A. Cassella e D. Baldan Bembo,"['fai', 'stasera']",3
4º,Luca Barbarossa,Roma spogliata,1981,L. Barbarossa,"['roma', 'spogliata']",4
5º,Ricchi e Poveri,Sarà perché ti amo,1981,"E. Ghinazzi, D. Pace e D. Farina","['sarà', 'perché', 'amo']",5
6º,Paolo Barabani,Hop hop somarello,1981,"P. Barabani, E. Ghinazzi e G. P. Reverberi","['hop', 'hop', 'somarello']",6
7º,Marinella,Ma chi te lo fa fare,1981,V. Pallavicini e G. P. Felisatti,"['fa', 'fare']",7
8º,Michele Zarrillo,Su quel pianeta libero,1981,"M. Zarrillo, A. Rosario e P. A. Cassella","['quel', 'pianeta', 'libero']",8
9º,Marcella,Pensa per te,1981,G. Bigazzi e G. Bella,['pensa'],9
10º,Passengers,Midnight,1981,G. Arena e A. Piccareta,['midnight'],10
1º,Riccardo Fogli,Storie di tutti i giorni,1982,"R. Fogli, G. Morra e M. Fabrizio","['storie', 'giorni']",1
2º,Al Bano e Romina Power,Felicità,1982,"C. Minellono, G. De Stefani e D. Farina",['felicità'],2
3º,Drupi,Soli,1982,"G. Anelli, G. Belleno e V. De Scalzi",['soli'],3
4º,Giuseppe Cionfoli,Solo grazie,1982,G. Cionfoli,['grazie'],4
5º,Christian,Un'altra vita un altro amore,1982,M. Balducci,"['vita', 'amore']",5
6°,Jimmy Fontana,Beguine,1982,"F. Migliacci, E. Sbriccoli, L. Greco e L. Pellegrino",['beguine'],6
1º,Tiziana Rivale,Sarà quel che sarà,1983,R. Ferri e M. Fabrizio,"['sarà', 'quel', 'sarà']",1
2º,Donatella Milani,Volevo dirti,1983,"D. Milani, D. Pace e A. Fornaciari","['volevo', 'dirti']",2
3º,Dori Ghezzi,Margherita non lo sa,1983,O. Prudente e O. Avogadro,"['margherita', 'sa']",3
4º,Matia Bazar,Vacanze romane,1983,C. Marrale e G. Golzi,"['vacanze', 'romane']",4
5º,Toto Cutugno,L'italiano,1983,C. Minellono e T. Cutugno,['italiano'],5
6º,Fiordaliso,Oramai,1983,"C. Daiano, A. Valsiglio e Depsa",['oramai'],6
7º,Stefano Sani,Complimenti,1983,L. Albertelli e A. Fornaciari,['complimenti'],7
8º,Gianni Morandi,La mia nemica amatissima,1983,"Mogol, G. Bella e G. Morandi","['nemica', 'amatissima']",8
9º,Amii Stewart,Working Late Tonight,1983,"M. Capuano, G. Capuano e S. Boswell","['working', 'late', 'tonight']",9
10º,Marco Armani,È la vita,1983,M. Armani e P. Armenise,['vita'],10
11º,Giuseppe Cionfoli,Shalom,1983,G. Cionfoli,['shalom'],11
12º,Giorgia Fiorio,Avrò,1983,"S. Menegale, R. Ferrato e P. Soffici",['avrò'],12
13º,Flavia Fortunato,Casco blu,1983,"M. Di Carlo, P. Masala, E. Palumbo e M. Ramoino","['casco', 'blu']",13
14º,Bertín Osborne,Eterna malattia,1983,E. Malepasso e L. Albertelli,"['eterna', 'malattia']",14
15º,Riccardo Azzurri,Amare te,1983,R. Azzurri,['amare'],15
16º,Sandro Giacobbe,Primavera,1983,S. Giacobbe e L. Albertelli,['primavera'],16
17º,Christian,Abbracciami amore mio,1983,M. Balducci,"['abbracciami', 'amore']",17
18º,Marco Ferradini,Una catastrofe bionda,1983,"R. Giuliani, M. Ferradini e Cheope","['catastrofe', 'bionda']",18
19º,Richard Sanderson,Stiamo insieme,1983,A. Fornaciari,"['stiamo', 'insieme']",19
20º,Zucchero,Nuvola,1983,A. Fornaciari,['nuvola'],20
21º,Gianni Nazzaro,Mi sono innamorato di mia moglie,1983,D. Pace e M. Russo,"['innamorato', 'moglie']",21
22º,Barbara Boncompagni,Notte e giorno,1983,D. Pace e A. Valsiglio,"['notte', 'giorno']",22
23º,Passengers,Movie Star,1983,C. Valli e A. Piccarreda,"['movie', 'star']",23
24º,Viola Valentino,Arriva arriva,1983,M. Fabrizio e V. Spampinato,"['arriva', 'arriva']",24
25º,Vasco Rossi,Vita spericolata,1983,V. Rossi e T. Ferro,"['vita', 'spericolata']",25
26º,Pupo,Cieli azzurri,1983,E. Ghinazzi e S. Saturnini,"['cieli', 'azzurri']",26
1º,Al Bano e Romina Power,Ci sarà,1984,C. Minellono e D. Farina,['sarà'],1
2º,Toto Cutugno,Serenata,1984,S. Cutugno e V. Pallavicini,['serenata'],2
3º,Christian,Cara,1984,M. Balducci,['cara'],3
4º,Pupo,Un amore grande,1984,"G. Savio, G. Bigazzi e U. Tozzi",['amore'],4
5º,Fiordaliso,Non voglio mica la luna,1984,"E. Malepasso, L. Albertelli e A. Fornaciari",['luna'],5
6º,Mario Castelnuovo,Nina,1984,M. Castelnuovo,['nina'],6
7º,Anna Oxa,Non scendo,1984,O. Avogadro e M. Lavezzi,['scendo'],7
8º,Drupi,Regalami un sorriso,1984,"A. Cogliati, G. Anelli e F. Fasano","['regalami', 'sorriso']",8
9º,Iva Zanicchi,Chi (Mi darà),1984,U. Balsamo e C. Malgioglio,['darà'],9
10º,Patty Pravo,Per una bambola,1984,M. Monti,['bambola'],10
11º,Gruppo Italiano,Anni ruggenti,1984,"P. Di Malta, R. Riva, G. Folino e C. Santulli","['anni', 'ruggenti']",11
12º,Bobby Solo,Ancora ti vorrei,1984,"R. Satti, Susuki e M. Mologni","['ancora', 'vorrei']",12
13º,Donatella Milani,Libera,1984,"D. Milani, Filistrucchi e Putzolu",['libera'],13
14º,Fiorella Mannoia,Come si cambia,1984,M. Piccoli e R. Pareti,['cambia'],14
15º,Marisa Sannia,Amore amore,1984,D. Pace e C. Conti,"['amore', 'amore']",15
16º,Alberto Camerini,La bottega del caffè,1984,A. Camerini,"['bottega', 'caffè']",16
17º,Riccardo Del Turco,Serena alienazione,1984,Mogol e R. Del Turco,"['serena', 'alienazione']",17
18º,Garbo,Radioclima,1984,R. Abate,['radioclima'],18
19º,Enrico Ruggeri,Nuovo swing,1984,E. Ruggeri,"['nuovo', 'swing']",19
20º,Stadio,Allo stadio,1984,L. Carboni e G. Curreri,['stadio'],20
1º,Ricchi e Poveri,Se m'innamoro,1985,D. Farina e C. Minellono,"['m', 'innamoro']",1
2º,Luis Miguel,"Noi, ragazzi di oggi",1985,S. Cutugno e C. Minellono,"['ragazzi', 'oggi']",2
3º,Gigliola Cinquetti,Chiamalo amore,1985,D. Farina e P. A. Cassella,"['chiamalo', 'amore']",3
4º,Riccardo Fogli,Sulla buona strada,1985,M. Fabrizio e V. Spampinato,"['buona', 'strada']",4
5º,Christian,Notte serena,1985,M. Balducci,"['notte', 'serena']",5
6º,Eros Ramazzotti,Una storia importante,1985,"E. Ramazzotti, P. Cassano e A. Cogliati","['storia', 'importante']",6
7º,Anna Oxa,A lei,1985,R. Vecchioni e M. Paoluzzi,[],7
8º,Fiordaliso,Il mio angelo,1985,L. Albertelli e E. Malepasso,['angelo'],8
9º,Peppino Di Capri,E mo' e mo',1985,"G. Faiella, S. De Pasquale e F. Fasano","['mo', 'mo']",9
10º,Matia Bazar,Souvenir,1985,"A. Stellita, C. Marrale e S. Cossu",['souvenir'],10
11º,Marco Armani,Tu dimmi un cuore ce l'hai,1985,M. Armenise e P. Armenise,"['dimmi', 'cuore', 'ce', 'hai']",11
12º,Drupi,Fammi volare,1985,"S. Negroni, D. Dato e G. Anelli","['fammi', 'volare']",12
13º,Franco Simone,Ritratto,1985,M. Colombo e F. Simone,['ritratto'],13
14º,Eduardo De Crescenzo,Via con me,1985,C. Mattone e D. Pace,['via'],14
15º,Banco del Mutuo Soccorso,Grande Joe,1985,F. Di Giacomo e V. Nocenzi,['joe'],15
16º,Dario Baldan Bembo,Da quando non ci sei,1985,D. Baldan Bembo e A. Maggio,[],16
17º,Ivan Graziani,Franca ti amo,1985,I. Graziani,"['franca', 'amo']",17
18º,Eugenio Finardi,Vorrei svegliarti,1985,E. Finardi e D. Madonia,"['vorrei', 'svegliarti']",18
19º,Mimmo Locasciulli,Buona fortuna,1985,M. Locasciulli,"['buona', 'fortuna']",19
20º,New Trolls,Faccia di cane,1985,"F. De André, R. Ferri, V. De Scalzi, G. Belleno, N. Di Palo e R. Belloni","['faccia', 'cane']",20
21º,Zucchero Fornaciari & Randy Jackson Band,Donne,1985,A. Fornaciari e A. Salerno,['donne'],21
22º,Garbo,Cose veloci,1985,R. Abate,"['cose', 'veloci']",22
1º,Eros Ramazzotti,Adesso tu,1986,"E. Ramazzotti, P. Cassano e A. Cogliati",['adesso'],1
2º,Renzo Arbore,Il clarinetto,1986,C. Mattone e R. Arbore,['clarinetto'],2
3º,Marcella,Senza un briciolo di testa,1986,"G. Bella, Mogol e G. Westley","['briciolo', 'testa']",3
4º,Toto Cutugno,Azzurra malinconia,1986,S. Cutugno,"['azzurra', 'malinconia']",4
5º,Anna Oxa,È tutto un attimo,1986,"A. Cogliati, F. Ciani, M. Lavezzi e U. Smaila",['attimo'],5
6º,Orietta Berti,Futuro,1986,U. Balsamo e L. Raggi,['futuro'],6
7º,Nino D'Angelo,Vai,1986,N. D'Angelo e A. Annona,['vai'],7
8º,Fred Bongusto,Cantare,1986,"S. Iodice, F. Bongusto e M. Di Francia",['cantare'],8
9º,Loredana Bertè,Re,1986,A. Mango e G. Mango,['re'],9
10º,Fiordaliso,Fatti miei,1986,"Z. Fornaciari, E. Malepasso e L. Albertelli",['fatti'],10
11º,Marco Armani,Uno sull'altro,1986,P. Armenise e M. Armenise,['sull'],11
12º,Sergio Endrigo,Canzone italiana,1986,C. Mattone e S. Endrigo,"['canzone', 'italiana']",12
13º,Rettore,Amore Stella,1986,G. Morra e M. Fabrizio,"['amore', 'stella']",13
14º,Mango,Lei verrà,1986,G. Mango e A. Salerno,['verrà'],14
15º,Righeira,Innamoratissimo (Tu che fai battere forte il mio cuore),1986,"S. Rota, S. Righi, La Bionda, S. Conforti e C. Minellono","['innamoratissimo', 'fai', 'battere', 'forte', 'cuore']",15
16º,Scialpi,"No East, No West",1986,"G. Scialpi, Thoty e F. Migliacci","['east', 'west']",16
17º,Enrico Ruggeri,Rien ne va plus,1986,E. Ruggeri,"['rien', 'va', 'plus']",17
18º,Luca Barbarossa,Via Margutta,1986,L. Barbarossa,"['via', 'margutta']",18
19º,Flavia Fortunato,Verso il 2000,1986,"A. De Sanctis, A. Cheli e E. Palumbo","['verso', '2000']",19
20º,Rossana Casale,Brividi,1986,G. Morra e M. Fabrizio,['brividi'],20
21º,Zucchero Fornaciari,Canzone triste,1986,Z. Fornaciari,"['canzone', 'triste']",21
22º,Stadio,Canzoni alla radio,1986,"L. Carboni, G. Curreri e R. Portera","['canzoni', 'radio']",22
1º,"Gianni Morandi, Enrico Ruggeri e Umberto Tozzi",Si può dare di più,1987,"G. Bigazzi, U. Tozzi e R. Riefoli","['può', 'dare']",1
2º,Toto Cutugno,Figli,1987,S. Cutugno,['figli'],2
3º,Al Bano e Romina Power,Nostalgia canaglia,1987,"V. Pallavicini, W. Molco, A. Carrisi, R. Power e V. Mercurio","['nostalgia', 'canaglia']",3
4º,Fausto Leali,Io amo,1987,"S. Cutugno, F. Leali, G. Fasano e I. Ianne",['amo'],4
5º,Peppino Di Capri,Il sognatore,1987,S. Cutugno e Depsa,['sognatore'],5
6º,Marcella,Tanti auguri,1987,G. Paoli e G. Bella,"['tanti', 'auguri']",6
7º,Ricchi e Poveri,Canzone d'amore,1987,"S. Cutugno, G. Rampazzo e D. Farina","['canzone', 'amore']",7
8º,Fiorella Mannoia,Quello che le donne non dicono,1987,E. Ruggeri e L. Schiavone,"['donne', 'dicono']",8
9º,Luca Barbarossa,Come dentro un film,1987,L. Barbarossa,"['dentro', 'film']",9
10º,Christian,Aria e musica,1987,S. Amato e F. Morgia,"['aria', 'musica']",10
11º,Lena Biolcati,Vita mia,1987,S. D'Orazio e M. Tansini,['vita'],11
12º,Rossana Casale,Destino,1987,G. Morra e M. Fabrizio,['destino'],12
13º,Flavia Fortunato,Canto per te,1987,"E. Palumbo, A. de Sanctis e M. Banis",['canto'],13
14º,Dori Ghezzi,E non si finisce mai,1987,A. Cogliati e P. Cassano,['finisce'],14
15º,Eduardo De Crescenzo,L'odore del mare,1987,"G. Morra, E. De Crescenzo e M. Fabrizio","['odore', 'mare']",15
16º,Scialpi,Bella età,1987,"F. Migliacci, G. Scialpi e R. Zaneli",['età'],16
17º,Le Orme,Dimmi che cos'è,1987,A. Tagliapietra,"['dimmi', 'cos']",17
18º,Mango,Dal cuore in poi,1987,"A. Salerno, A. Mango e G. Mango","['cuore', 'poi']",18
19º,Tony Esposito,Sinuè,1987,"G. Di Franco, T. Esposito e R. Licastro",['sinuè'],19
20º,Patty Pravo,Pigramente signora,1987,M. Arnaboldi e F. Evangelisti,"['pigramente', 'signora']",20
21º,Sergio Caputo,Il Garibaldi innamorato,1987,S. Caputo,"['garibaldi', 'innamorato']",21
22º,Mario Castelnuovo,Madonna di Venere,1987,M. Castelnuovo,"['madonna', 'venere']",22
23º,Nino Buonocore,Rosanna,1987,N. Buonocore,['rosanna'],23
24º,Nada,Bolero,1987,G. Manzoli,['bolero'],24
1º,Massimo Ranieri,Perdere l'amore,1988,M. Marrocchi e G. Artegiani,"['perdere', 'amore']",1
2º,Toto Cutugno,Emozioni,1988,T. Cutugno,['emozioni'],2
3º,Luca Barbarossa,L'amore rubato,1988,L. Barbarossa,"['amore', 'rubato']",3
4º,Marcella,Dopo la tempesta,1988,A. Salerno e G. Bella,"['dopo', 'tempesta']",4
5º,Fausto Leali,Mi manchi,1988,F. Berlincioni e G. Fasano,['manchi'],5
6º,Mino Reitano,Italia,1988,U. Balsamo,['italia'],6
7º,Anna Oxa,Quando nasce un amore,1988,"A. Cogliati, F. Ciani e P. Cassano","['nasce', 'amore']",7
8º,Fiordaliso con Claudio Cabrini,Per noi,1988,T. Cutugno,[],8
9º,Ricchi e Poveri,Nascerà Gesù,1988,U. Balsamo,"['nascerà', 'gesù']",9
10º,Fiorella Mannoia,Le notti di maggio,1988,I. Fossati,"['notti', 'maggio']",10
11º,Raf,Inevitabile follia,1988,G. Bigazzi e R. Riefoli,"['inevitabile', 'follia']",11
12º,Francesco Nuti,Sarà per te,1988,R. Mariotti,['sarà'],12
13º,Franco Califano,Io (Per le strade di quartiere),1988,F. Califano e T. Cutugno,"['strade', 'quartiere']",13
14º,Figli di Bubba,Nella valle dei Timbales,1988,M. Pagani,"['valle', 'timbales']",14
15º,Michele Zarrillo,Come un giorno di sole,1988,"G. Artegiani, M. Zarrillo e L. Lopez","['giorno', 'sole']",15
16º,Loredana Bertè,Io,1988,T. Cicco,[],16
17º,Peppino di Capri,Nun chiagnere,1988,"L. Raggi, Depsa e G. Fasano","['nun', 'chiagnere']",17
18º,Tullio De Piscopo,Andamento lento,1988,"T. De Piscopo, M. Capuano e G. Capuano","['andamento', 'lento']",18
19º,Matia Bazar,La prima stella della sera,1988,"A. Stellita, S. Cossu e C. Marrale","['prima', 'stella', 'sera']",19
20º,Drupi,Era bella davvero,1988,"O. Avogadro, P. Cassella e D. Farina","['era', 'davvero']",20
21º,Ron,Il mondo avrà una grande anima,1988,R. Cellamare,"['mondo', 'avrà', 'anima']",21
22º,Flavia Fortunato,Una bella canzone,1988,O. Avogadro e M. Lavezzi,['canzone'],22
23º,New Trolls,Cielo chiaro,1988,"V. De Scalzi, N. Di Palo e G. Belleno","['cielo', 'chiaro']",23
24º,Denovo,Ma che idea,1988,L. Madonia,['idea'],24
25º,Nino Buonocore,Le tue chiavi non ho,1988,A. Salerno e N. Buonocore,['chiavi'],25
26º,Alan Sorrenti,Come per miracolo,1988,A. Sorrenti e G. Cavalli,['miracolo'],26
1º,Anna Oxa e Fausto Leali,Ti lascerò,1989,"G. Fasano, F. Leali, F. Ciani, F. Berlincioni e S. Bardotti",['lascerò'],1
2º,Toto Cutugno,Le mamme,1989,T. Cutugno e S. Borgia,['mamme'],2
3º,Al Bano e Romina Power,Cara terra mia,1989,"A. Carrisi, R. Power e V. Pallavicini","['cara', 'terra']",3
4º,Riccardo Fogli,Non finisce così,1989,"Laurex, M. Patrignani, C. Cofani e F. Evangelisti",['finisce'],4
5°,Jovanotti,Vasco,1989,"C. Cecchetto, L. Cherubini, L. Cersosimo",['vasco'],5
6°,Fiordaliso con Claudio Cabrini,Se non avessi te,1989,T. Cutugno,['avessi'],6
7°,Francesco Salvi,Esatto!,1989,"F. Salvi, S. Melloni e M. Natale",['esatto'],7
8°,Ricchi e Poveri,Chi voglio sei tu,1989,P. Cassano e A. Cogliati,[],8
9°,Mia Martini,Almeno tu nell'universo,1989,B. Lauzi e M. Fabrizio,"['almeno', 'nell', 'universo']",9
10°,Ornella Vanoni,Io come farò,1989,"M. Pagani, G. Paoli e S. Bardotti",['farò'],10
11°,Peppino di Capri,Il mio pianoforte,1989,"R. Fiorillo, M. Di Francia e G. Faiella",['pianoforte'],11
12°,Marisa Laurito,Il babà è una cosa seria,1989,S. Palomba e E. Alfieri,"['babà', 'seria']",12
13°,Gino Paoli,Questa volta no,1989,P. Penzo e G. Paoli,['volta'],13
14°,Renato Carosone,Na canzuncella doce doce,1989,C. Mattone,"['na', 'canzuncella', 'doce', 'doce']",14
15°,Raf,Cosa resterà degli anni '80,1989,"G. Bigazzi, G. Dati e R. Riefoli","['resterà', 'anni', '80']",15
16°,Dori Ghezzi,Il cuore delle donne,1989,"M. Paoluzzi, O. Avogadro e R. Ferri","['cuore', 'donne']",16
17°,Enzo Jannacci,Se me lo dicevi prima,1989,E. Jannacci e M. Bassi,"['dicevi', 'prima']",17
18°,Gigliola Cinquetti,Ciao,1989,"Gepy & Gepy, M. Governi e R. Russo",[],18
19°,Rossana Casale,A che servono gli dei,1989,M. Fabrizio e G. Morra,['servono'],19
20°,Tullio De Piscopo,E allora e allora,1989,"M. Capuano, G. Capuano e T. De Piscopo","['allora', 'allora']",20
21°,Eduardo De Crescenzo,Come mi vuoi,1989,M. G. Nava e E. De Crescenzo,['vuoi'],21
22°,Fred Bongusto,Scusa,1989,"F. Bongusto, E. Campassi e S. Iodice",['scusa'],22
23°,Gigi Sabani,La fine del mondo,1989,"T. Cutugno, G. Fasano e Depsa","['fine', 'mondo']",23
24°,Sergio Caputo,Rifarsi una vita,1989,S. Caputo,"['rifarsi', 'vita']",24
1º,Pooh,Uomini soli,1990,V. Negrini e C. Facchinetti,"['uomini', 'soli']",1
2º,Toto Cutugno,Gli amori,1990,"F. Berlincioni, S. Cutugno e S. De Pasquale",['amori'],2
3º,Amedeo Minghi e Mietta,Vattene amore,1990,A. Minghi,"['vattene', 'amore']",3
4°,Anna Oxa,Donna con te,1990,D. Amerio e L. Boero,['donna'],4
5°,Marcella e Gianni Bella,Verso l'ignoto,1990,"D. Di Gregorio, G. Bella e R. Di Bella","['verso', 'ignoto']",5
6°,Mia Martini,La nevicata del '56,1990,"C. Vistarini, F. Califano, M. Cantini e L. Lopez","['nevicata', '56']",6
7°,Mango,Tu... sì,1990,A. Mango e G. Mango,['sì'],7
8°,Francesco Salvi,A,1990,"F. Salvi, M. Natale, R. Turatti e S. Melloni",[],8
9°,Caterina Caselli,Bisognerebbe non pensare che a te,1990,G. Morra e M. Fabrizio,"['bisognerebbe', 'pensare']",9
10°,Riccardo Fogli,Ma quale amore,1990,"A. De Angelis, B. Incarnato e L. Lopez",['amore'],10
11°,Sandro Giacobbe,Io vorrei,1990,S. Cutugno e S. Giacobbe,['vorrei'],11
12°,Paola Turci,Ringrazio Dio,1990,"A. Rizzo, Rambow e R. Silvestro","['ringrazio', 'dio']",12
13°,Milva,Sono felice,1990,R. Cellamare e B. Antonacci,['felice'],13
14°,Grazia Di Michele,Io e mio padre,1990,G. Di Michele,['padre'],14
15°,Peppino di Capri,Evviva Maria,1990,G. Faiella e S. De Pasquale,"['evviva', 'maria']",15
16°,Eugenio Bennato e Tony Esposito,Novecento Aufwiedersehen,1990,"E. Bennato, A. Esposito e C. D'Angiò","['novecento', 'aufwiedersehen']",16
17°,Ricchi e Poveri,Buona giornata,1990,"S. De Pasquale, M. Paoluzzi e V. Cosma","['buona', 'giornata']",17
18°,Lena Biolcati,Amori,1990,L. Biolcati e Robymiro,['amori'],18
19°,Mino Reitano,Vorrei,1990,"C. Malgioglio, P. Vernola, F. Reitano e B. Reitano",['vorrei'],19
20°,Christian,Amore,1990,"F. Berlincioni, G. Rossi, S. Amato e F. Morgia",['amore'],20
1º,Riccardo Cocciante,Se stiamo insieme,1991,R. Cocciante e Mogol,"['stiamo', 'insieme']",1
2º,Renato Zero,Spalle al muro,1991,M. Nava,"['spalle', 'muro']",2
3º,Marco Masini,Perché lo fai,1991,"G. Bigazzi, M. Manzani e M. Masini","['perché', 'fai']",3
4º,Umberto Tozzi,Gli altri siamo noi,1991,U. Tozzi e G. Bigazzi,['siamo'],4
5º,Pierangelo Bertoli e Tazenda,Spunta la Luna dal monte,1991,L. Marielli e P. Bertoli,"['spunta', 'luna', 'monte']",5
6º,Amedeo Minghi,Nené,1991,A. Minghi,['nené'],6
7º,Mietta,Dubbi no,1991,A. Minghi,['dubbi'],7
8º,Al Bano e Romina Power,Oggi sposi,1991,Depsa e G. Andreetto,"['oggi', 'sposi']",8
9º,Riccardo Fogli,Io ti prego di ascoltare,1991,G. Morra e M. Fabrizio,"['prego', 'ascoltare']",9
10º,Raf,Oggi un Dio non ho,1991,R. Riefoli e G. Dati,"['oggi', 'dio']",10
11º,Enzo Jannacci,La fotografia,1991,V. Jannacci,['fotografia'],11
12º,Fiordaliso,Il mare più grande che c'è (I Love You Man),1991,F. Ciani e F. Zanotti,"['mare', 'c', 'love', 'you', 'man']",12
13º,Jo Squillo e Sabrina Salerno,Siamo donne,1991,G. Coletti,"['siamo', 'donne']",13
14º,Ladri di Biciclette,Sbatti ben su del Be Bop,1991,P. Belli e E. Prandi,"['sbatti', 'ben', 'be', 'bop']",14
15º,Eduardo De Crescenzo,E la musica va,1991,E. De Crescenzo e F. Del Prete,"['musica', 'va']",15
16º,Grazia Di Michele,Se io fossi un uomo,1991,"Joanna, G. Di Michele e P. Nocera","['fossi', 'uomo']",16
17º,Rossana Casale,Terra,1991,G. Morra e M. Fabrizio,['terra'],17
18º,Loredana Bertè,In questa città,1991,P. Daniele,['città'],18
19º,Gianni Bella,La fila degli oleandri,1991,G. Bella e Mogol,"['fila', 'oleandri']",19
20º,Mariella Nava,Gli uomini,1991,M. Nava,['uomini'],20
1º,Luca Barbarossa,Portami a ballare,1992,L. Barbarossa,"['portami', 'ballare']",1
2º,Mia Martini,Gli uomini non cambiano,1992,"G. Dati, M. Falagiani e G. Bigazzi","['uomini', 'cambiano']",2
3º,Paolo Vallesi,La forza della vita,1992,G. Dati e P. Vallesi,"['forza', 'vita']",3
4º,Pierangelo Bertoli,Italia d'oro,1992,P. Bertoli e M. Negri,"['italia', 'oro']",4
5º,Massimo Ranieri,Ti penso,1992,F. Berlincioni e S. Amato,['penso'],5
6º,Matia Bazar,Piccoli giganti,1992,"A. Stellita, S. Cossu, C. Marrale e L. Valente","['piccoli', 'giganti']",6
7º,Franco Fasano e Flavia Fortunato,Per niente al mondo,1992,G. Fasano e F. Berlincioni,['mondo'],7
8º,Tazenda,Pitzinnos in sa gherra,1992,L. Marielli e F. De André,"['pitzinnos', 'sa', 'gherra']",8
9º,Fausto Leali,Perché,1992,A. Civai e G. Bigazzi,['perché'],9
10º,Riccardo Fogli,In una notte così,1992,G. Morra e M. Fabrizio,['notte'],10
11º,Michele Zarrillo,Strade di Roma,1992,"V. Incenzo, M. Zarrillo e A. Venditti","['strade', 'roma']",11
12º,Mariella Nava,Mendicante,1992,M. G. Nava,['mendicante'],12
13º,Drupi,Un uomo in più,1992,Depsa e G. Fasano,['uomo'],13
14º,Peppino di Capri e Pietra Montecorvino,Favola blues,1992,"F. Berlincioni, M. Di Francia e G. Faiella","['favola', 'blues']",14
15º,New Trolls,Quelli come noi,1992,"D. Gori, N. Di Palo, G. Belleno, V. De Scalzi e F. Berlincioni",[],15
1º,Enrico Ruggeri,Mistero,1993,E. Ruggeri,['mistero'],1
2º,Cristiano De Andrè,Dietro la porta,1993,D. Fossati e C. De Andrè,"['dietro', 'porta']",2
3º,Rossana Casale e Grazia Di Michele,Gli amori diversi,1993,"R. Casale, G. Restelli e G. Di Michele","['amori', 'diversi']",3
4º,Matia Bazar,Dedicato a te,1993,"L. Valente, M. Bassi, S. Cossu, A. Stellita e C. Marrale",['dedicato'],4
5º,Renato Zero,Ave Maria,1993,R. Fiacchini e R. Serio,"['ave', 'maria']",5
6º,Mietta e Ragazzi di Via Meda,Figli di chi,1993,"D. Miglietta, A. De Sanctis, G. Isgrò e F. Neviani",['figli'],6
7º,Paola Turci,Stato di calma apparente,1993,P. Turci e G. Chiocchio,"['stato', 'calma', 'apparente']",7
8º,Biagio Antonacci,Non so più a chi credere,1993,B. Antonacci,"['so', 'credere']",8
9º,Amedeo Minghi,"Notte bella, magnifica",1993,A. Minghi,"['notte', 'magnifica']",9
10º,Francesca Alotta,Un anno di noi,1993,"G. Bigazzi, M. Falagiani e G. Dati",['anno'],10
11º,Andrea Mingardi,Sogno,1993,A. Mingardi,['sogno'],11
12º,Roberto Murolo,L'Italia è bella,1993,C. Faiello,['italia'],12
13º,Tullio De Piscopo,Qui gatta ci cova,1993,"M. Capuano, G. Capuano e T. De Piscopo","['gatta', 'cova']",13
14º,Loredana Bertè e Mia Martini,Stiamo come stiamo,1993,M. Piccoli e L. Bertè,"['stiamo', 'stiamo']",14
15º,Nino Buonocore,Una canzone d'amore,1993,M. De Vitis e N. Buonocore,"['canzone', 'amore']",15
1º,Aleandro Baldi,Passerà,1994,"A. Civai, G. Bigazzi e M. Falagiani",['passerà'],1
2º,Giorgio Faletti,Signor tenente,1994,G. Faletti,"['signor', 'tenente']",2
3º,Laura Pausini,Strani amori,1994,"A. Valsiglio, R. Buti, Cheope, M. Marati e F. Tanini","['strani', 'amori']",3
4º,Gerardina Trovato,Non è un film,1994,"A. Anastasio, C. Valli e G. Trovato",['film'],4
5º,Michele Zarrillo,Cinque giorni,1994,V. Incenzo e M. Zarrillo,"['cinque', 'giorni']",5
6º,Enzo Jannacci e Paolo Rossi,I soliti accordi,1994,"E. Jannacci, P. Rossi e P. Jannacci","['soliti', 'accordi']",6
7º,Ivan Graziani,Maledette malelingue,1994,I. Graziani,"['maledette', 'malelingue']",7
8º,Andrea Mingardi,Amare amare,1994,A. Mingardi e M. Tirelli,"['amare', 'amare']",8
9º,Marco Armani,Esser duri,1994,M. Armenise e L. Carboni,"['esser', 'duri']",9
10º,Donatella Rettore,Di notte specialmente,1994,"Cheope, D. Rettore e C. Rego","['notte', 'specialmente']",10
11º,Mariella Nava,Terra mia,1994,M. G. Nava,['terra'],11
12º,Formula 3,La casa dell'imperatore,1994,T. Cicco e M. Castelnuovo,"['casa', 'dell', 'imperatore']",12
13º,Loredana Bertè,Amici non ne ho,1994,L. Bertè e P. Leon,['amici'],13
14º,Alessandro Canino,Crescerai,1994,"B. Zucchetti, G. Dati e S. Busà",['crescerai'],14
15º,Francesco Salvi,Statento,1994,F. Salvi e V. Cosma,['statento'],15
16º,Alessandro Bono,Oppure no,1994,A. Pizzamiglio,[],16
17º,Claudia Mori,Se mi ami...,1994,T. Cutugno,['ami'],17
18º,Carlo Marrale,L'ascensore,1994,"C. Marrale, P. Rodenbucher e Cheope",['ascensore'],18
19º,Squadra Italia,Una vecchia canzone italiana,1994,S. Jurgens e M. Marrocchi,"['vecchia', 'canzone', 'italiana']",19
20º,Franco Califano,Napoli,1994,"F. Califano, A. Laurenti e A. Gaudino",['napoli'],20
1º,Giorgia,Come saprei,1995,"G. Todrani, E. Ramazzotti, V. Tosetto e A. Cogliati",['saprei'],1
2º,Gianni Morandi e Barbara Cola,In amore,1995,Duchesca e B. Zambrini,['amore'],2
3º,Ivana Spagna,Gente come noi,1995,"I. Spagna, G. Spagna, F. Zanotti, A. Valsiglio e M. Marati",['gente'],3
4º,Andrea Bocelli,Con te partirò,1995,L. Quarantotto e F. Sartori,['partirò'],4
5º,Fiorello,Finalmente tu,1995,M. Pezzali e M. Repetto,['finalmente'],5
6º,Danilo Amerio,Bisogno d'amore,1995,D. Amerio,"['bisogno', 'amore']",6
7º,Lighea,Rivoglio la mia vita,1995,"M. Pecora, Zenonazza e T. Montelpare","['rivoglio', 'vita']",7
8º,883,Senza averti qui,1995,"M. Pezzali, P. P. Peroni e M. Guarniero",['averti'],8
9º,Antonella Arancio,Più di così,1995,"F. Carraresi, F. Migliacci, L. Bechelli e M. Goldsand",[],9
10º,Lorella Cuccarini,Un altro amore no,1995,"V. Incenzo, D. Pinelli e S. Testi",['amore'],10
11º,Mango,Dove vai...,1995,"A. Mango, S. Grandi e G. Mango","['dove', 'vai']",11
12º,Giorgio Faletti,L'assurdo mestiere,1995,G. Faletti,"['assurdo', 'mestiere']",12
13º,Trio Melody,Ma che ne sai... (...se non hai fatto il piano-bar),1995,C. Mattone,"['sai', 'hai', 'fatto', 'piano', 'bar']",13
14º,Gigliola Cinquetti,Giovane vecchio cuore,1995,G. Faletti,"['giovane', 'vecchio', 'cuore']",14
15º,Massimo Ranieri,La vestaglia,1995,M. Marrocchi e G. Artegiani,['vestaglia'],15
16º,Drupi,Voglio una donna,1995,"T. Cutugno, C. Farina e A. Sanarico",['donna'],16
17º,Toto Cutugno,Voglio andare a vivere in campagna,1995,T. Cutugno,"['andare', 'vivere', 'campagna']",17
18º,Sabina Guzzanti e La Riserva Indiana,Troppo sole,1995,D. Riondino,"['troppo', 'sole']",18
19º,Loredana Bertè,ANGELI & angeli,1995,L. Bertè e P. Leon,"['angeli', 'angeli']",19
20º,Patty Pravo,I giorni dell'armonia,1995,M. Monti e G. Ullu,"['giorni', 'dell', 'armonia']",20
1º,Ron (con Tosca non accreditata),Vorrei incontrarti fra cent'anni,1996,R. Cellamare,"['vorrei', 'incontrarti', 'cent', 'anni']",1
2º,Elio e le Storie Tese,La terra dei cachi,1996,"D. Civaschi, S. Belisari, S. Conforti e N. Fasani","['terra', 'cachi']",2
3º,Giorgia,Strano il mio destino,1996,G. Todrani e M. Fabrizio,"['strano', 'destino']",3
4º,Ivana Spagna,E io penso a te,1996,I. Spagna e G. Spagna,['penso'],4
5º,Neri per Caso,Mai più sola,1996,C. Mattone,['sola'],5
6º,Massimo Di Cataldo,Se adesso te ne vai,1996,M. Di Cataldo e B. Laurenti,"['adesso', 'vai']",6
7º,Al Bano,È la mia vita,1996,P. Marino e M. Fabrizio,['vita'],7
8º,Aleandro Baldi e Marco Guerzoni,Soli al bar,1996,"F. Palmieri, G. Bigazzi e A. Civai","['soli', 'bar']",8
9º,Amedeo Minghi,Cantare è d'amore,1996,A. Minghi e P. Panella,"['cantare', 'amore']",9
10º,Paola Turci,Volo così,1996,P. Turci e R. Casini,['volo'],10
11º,Michele Zarrillo,L'elefante e la farfalla,1996,V. Incenzo e M. Zarrillo,"['elefante', 'farfalla']",11
12º,Luca Barbarossa,Il ragazzo con la chitarra,1996,L. Barbarossa,"['ragazzo', 'chitarra']",12
13º,Federico Salvatore,Sulla porta,1996,"F. Salvatore, G. Bigazzi e G. Dati",['porta'],13
14º,Rossella Marcone,Una vita migliore,1996,"P. Cremonesi, F. Cavalli e A. Valsiglio","['vita', 'migliore']",14
15º,Enrico Ruggeri,L'amore è un attimo,1996,L. Schiavone e E. Ruggeri,"['amore', 'attimo']",15
16º,Raffaella Cavalli,Sarò,1996,"Depsa, F. Zanotti e A. Valsiglio",['sarò'],16
17º,Gigi Finizio,Solo lei,1996,L. Finizio e A. Annona,[],17
18º,Paolo Vallesi,Non andare via,1996,G. Dati e P. Vallesi,"['andare', 'via']",18
19º,Riccardo Fogli,Romanzo,1996,G. Morra e M. Fabrizio,['romanzo'],19
20º,Umberto Bindi e New Trolls,Letti,1996,U. Bindi e R. Fiacchini,['letti'],20
1º,Jalisse,Fiumi di parole,1997,"C. Di Domenico, A. Drusian e F. Ricci","['fiumi', 'parole']",1
2º,Anna Oxa,Storie,1997,"Depsa, M. Marati, S. Monetti, A. Valsiglio e F. Zanotti",['storie'],2
3º,Syria,Sei tu,1997,C. Mattone e A. Salerno,[],3
4º,Silvia Salemi,A casa di Luca,1997,G. Artegiani,"['casa', 'luca']",4
5º,Fausto Leali,Non ami che te,1997,R. Pacco,['ami'],5
6º,O.R.O.,Padre Nostro,1997,E. Ruggeri e M. Manzani,['padre'],6
7º,Nek,Laura non c'è,1997,"A. De Sanctis, F. Neviani e M. Varini","['laura', 'c']",7
8º,Patty Pravo,...e dimmi che non vuoi morire,1997,"V. Rossi, G. Curreri e R. Ferri","['dimmi', 'vuoi', 'morire']",8
9º,Massimo Ranieri,Ti parlerò d'amore,1997,G. Togni e G. Morra,"['parlerò', 'amore']",9
10º,Tosca,Nel respiro più grande,1997,S. Tamaro e R. Cellamare,['respiro'],10
11º,Francesco Baccini,Senza tù,1997,G. Conte e F. Baccini,['tù'],11
12º,Dirotta su Cuba,È andata così,1997,"Cheope, S. De Donato, P. D'Emilio, R. Gentili, S. Bencini e A. Ravasini",['andata'],12
13º,Marina Rei,Dentro me,1997,M. Rei e F. Minoia,['dentro'],13
14º,Al Bano,Verso il sole,1997,V. Cidda e A. Carrisi,"['verso', 'sole']",14
15º,Cattivi Pensieri,Quello che sento,1997,"C. Farolfi, D. De Marinis, D. Bosio e N. Fragile",['sento'],15
16º,Pitura Freska,Papa nero,1997,"M. F. Forieri, S. O. Skardy, V. Silvestri, C. Verardo e F. Duse","['papa', 'nero']",16
17º,Toto Cutugno,Faccia pulita,1997,S. Cutugno,"['faccia', 'pulita']",17
18º,Ragazzi Italiani,Vero amore,1997,"A. Galbiati, C. Palmas e M. G. Fontana","['vero', 'amore']",18
19º,New Trolls e Greta,Alianti liberi,1997,"E. Palumbo, M. Cattapani, V. De Scalzi, N. Di Palo e G. Labate","['alianti', 'liberi']",19
20º,Loredana Bertè,Luna,1997,L. Bertè e M. Piccoli,['luna'],20
1º,Annalisa Minetti,Senza te o con te,1998,M. Luca e P. Palma,[],1
2º,Antonella Ruggiero,Amore lontanissimo,1998,A. Ruggiero e R. Colombo,"['amore', 'lontanissimo']",2
3º,Lisa,Sempre,1998,G. Morra e M. Fabrizio,['sempre'],3
4º,Paola Turci,Solo come me,1998,R. Casini e P. Turci,[],4
5º,Silvia Salemi,Pathos,1998,S. Salemi e G. Artegiani,['pathos'],5
6º,Mango e Zenîma,Luce,1998,"A. Salerno, G. Mango e A. Mango",['luce'],6
7º,Luca Sepe,Un po' di te,1998,"L. Sepe, M. Schembri, F. Leali e E. Malepasso",['po'],7
8º,Niccolò Fabi,Lasciarsi un giorno a Roma,1998,"N. Fabi, R. Sinigallia, C. Dazzi e D. Sinigallia","['lasciarsi', 'giorno', 'roma']",8
9º,Ron,Un porto nel vento,1998,"G. Zagni, Ron e F. Coppini","['porto', 'vento']",9
10º,Andrea Mingardi,Canto per te,1998,A. Mingardi e M. Tirelli,['canto'],10
11º,Alex Baroni,Sei tu o lei (Quello che voglio),1998,"A. Baroni, P. Calabrese, M. Calabrese, M. D'Angelo e M. Rinalduzzi",[],11
12º,Spagna,E che mai sarà,1998,I. Spagna e G. Spagna,['sarà'],12
13º,Piccola Orchestra Avion Travel,Dormi e sogna,1998,"G. Servillo, D. Ciaramella, M. Tronco, G. D'Argenzio, F. Mesolella e F. Spinetti","['dormi', 'sogna']",13
14º,Sergio Caputo,Flamingo,1998,S. Caputo,['flamingo'],14
15º,Nuova Compagnia di Canto Popolare,Sotto il velo del cielo,1998,C. Sfogli e C. Faiello,"['sotto', 'velo', 'cielo']",15
16º,Paola & Chiara,Per te,1998,P. Iezzi e C. Iezzi,[],16
17º,Enzo Jannacci,Quando un musicista ride,1998,E. Jannacci,"['musicista', 'ride']",17
1º,Anna Oxa,Senza pietà,1999,C. Guidetti e A. Salerno,['pietà'],1
2º,Antonella Ruggiero,Non ti dimentico (Se non ci fossero le nuvole),1999,"R. Colombo, A. Ruggiero e Kaballà","['dimentico', 'fossero', 'nuvole']",2
3º,Mariella Nava,Così è la vita,1999,M. Nava,['vita'],3
4º,Enzo Gragnaniello con Ornella Vanoni,Alberi,1999,E. Gragnaniello,['alberi'],4
5º,Stadio,Lo zaino,1999,V. Rossi e G. Curreri,['zaino'],5
6º,Al Bano,Ancora in volo,1999,"P. Marcucci, A. Carrisi e M. Bizzarri","['ancora', 'volo']",6
7º,Marina Rei,Un inverno da baciare,1999,M. Rei e D. Pinelli,"['inverno', 'baciare']",7
8º,Nino D'Angelo,Senza giacca e cravatta,1999,N. D'Angelo e C. Tortora,"['giacca', 'cravatta']",8
9º,Daniele Silvestri,Aria,1999,D. Silvestri,['aria'],9
10º,Nada,Guardami negli occhi,1999,N. Malanima,"['guardami', 'occhi']",10
11º,Eugenio Finardi,Amami Lara,1999,"E. Finardi, F. Consoli e E. Bechis","['amami', 'lara']",11
12º,Gatto Panceri,Dove dov'è,1999,G. Panceri,"['dove', 'dov']",12
13º,Gianluca Grignani,Il giorno perfetto,1999,G. Grignani,"['giorno', 'perfetto']",13
14º,Massimo Di Cataldo,Come sei bella,1999,M. Di Cataldo,[],14
1º,Piccola Orchestra Avion Travel,Sentimento,2000,"D. Ciaramella, G. D'Argenzio, F. Mesolella, F. Spinetti, M. Tronco e G. Servillo",['sentimento'],1
2º,Irene Grandi,La tua ragazza sempre,2000,V. Rossi e G. Curreri,"['ragazza', 'sempre']",2
3º,Gianni Morandi,Innamorato,2000,"E. Ramazzotti, C. Guidetti e A. Cogliati",['innamorato'],3
4º,Max Gazzè,Il timido ubriaco,2000,M. Gazzè e F. Gazzè,"['timido', 'ubriaco']",4
5º,Samuele Bersani,Replay,2000,S. Bersani e G. D'Onghia,['replay'],5
6º,Gerardina Trovato,Gechi e vampiri,2000,G. Trovato e T. Sinatra,"['gechi', 'vampiri']",6
7º,Carmen Consoli,In bianco e nero,2000,C. Consoli,"['bianco', 'nero']",7
8º,Matia Bazar,Brivido caldo,2000,G. Golzi e P. Cassano,"['brivido', 'caldo']",8
9º,Alice,Il giorno dell'indipendenza,2000,J. Camisasca,"['giorno', 'dell', 'indipendenza']",9
10º,Gigi D'Alessio,Non dirgli mai,2000,V. D'Agostino e L. D'Alessio,['dirgli'],10
11º,Subsonica,Tutti i miei sbagli,2000,"M. Casacci, D. Dileo e S. U. Romano",['sbagli'],11
12º,Ivana Spagna,Con il tuo nome,2000,"I. Spagna, C. Tarantola e G. Spagna",['nome'],12
13º,Mietta,Fare l'amore,2000,G. Mango e A. Mango,"['fare', 'amore']",13
14º,Mariella Nava e Amedeo Minghi,Futuro come te,2000,M. G. Nava e A. Minghi,['futuro'],14
15º,Marco Masini,Raccontami di te,2000,M. Masini e G. Dati,['raccontami'],15
16º,Umberto Tozzi,Un'altra vita,2000,U. Tozzi,['vita'],16
1º,Elisa,Luce (tramonti a nord est),2001,E. Toffoli e A. Fornaciari,"['luce', 'tramonti', 'nord', 'est']",1
2º,Giorgia,Di sole e d'azzurro,2001,"A. Fornaciari, M. Saggese e M. Vergnaghi","['sole', 'azzurro']",2
3º,Matia Bazar,Questa nostra grande storia d'amore,2001,G. Golzi e P. Cassano,"['storia', 'amore']",3
4º,Michele Zarrillo,L'acrobata,2001,V. Incenzo e M. Zarrillo,['acrobata'],4
5º,Paola Turci,Saluto l'inverno,2001,P. Turci e C. Consoli,"['saluto', 'inverno']",5
6º,Jenny B,Anche tu,2001,G. Golzi e P. Cassano,['anche'],6
7º,Alex Britti,Sono contento,2001,A. Britti,['contento'],7
8º,Gigi D'Alessio,Tu che ne sai,2001,V. D'Agostino e L. D'Alessio,['sai'],8
9º,Fabio Concato,Ciao Ninìn,2001,F. Concato,['ninìn'],9
10º,Anna Oxa,L'eterno movimento,2001,G. Fulcheri e Laurex,"['eterno', 'movimento']",10
11º,Peppino di Capri,Pioverà (Habibi ené),2001,"F. Del Prete, Dicapri e M. Vitale","['pioverà', 'habibi', 'ené']",11
12º,Gianni Bella,Il profumo del mare,2001,G. Bella e Mogol,"['profumo', 'mare']",12
13º,Syria,Fantasticamenteamore,2001,B. Antonacci e S. Lanza,['fantasticamenteamore'],13
14º,Sottotono,Mezze verità,2001,M. Cellamaro e M. Dagani,"['mezze', 'verità']",14
15º,Quintorigo,Bentivoglio Angelina (Kon tutto il mio amaro),2001,"M. De Leonardis, V. Bianchi, A. Costa, G. Costa, S. Ricci, M. Montanari e G. Facchini","['bentivoglio', 'angelina', 'kon', 'amaro']",15
16º,Bluvertigo,L'assenzio (The Power of Nothing),2001,M. Castoldi e L. Urbani,"['assenzio', 'the', 'power', 'of', 'nothing']",16
1º,Matia Bazar,Messaggio d'amore,2002,G. Golzi e P. Cassano,"['messaggio', 'amore']",1
2º,Alexia,Dimmi come...,2002,A. Aquilani e M. Marcolini,['dimmi'],2
3º,Gino Paoli,Un altro amore,2002,G. Paoli,['amore'],3
4º,Fausto Leali e Luisa Corna,Ora che ho bisogno di te,2002,"F. Berlincioni, F. Leali e V. Tosetto","['ora', 'bisogno']",4
5º,Enrico Ruggeri,Primavera a Sarajevo,2002,E. Ruggeri e R. Mogliotti,"['primavera', 'sarajevo']",5
6º,Mariella Nava,Il cuore mio,2002,M. G. Nava,['cuore'],6
7º,Filippa Giordano,Amarti sì,2002,L. Quarantotto e A. Napoletano,"['amarti', 'sì']",7
8º,Francesco Renga,Tracce di te,2002,P. Renga,['tracce'],8
9º,Fiordaliso,Accidenti a te,2002,G. Bigazzi e M. Falagiani,['accidenti'],9
10º,Gazosa,Ogni giorno di più,2002,"M. Z. Granieri, R. Siani e S. Sichel","['ogni', 'giorno']",10
11º,Michele Zarrillo,Gli angeli,2002,"V. Incenzo, M. Zarrillo e R. Amici",['angeli'],11
12º,Gianluca Grignani,Lacrime dalla Luna,2002,G. Grignani,"['lacrime', 'luna']",12
13º,Alessandro Safina,Del perduto amore,2002,G. Morra e M. Fabrizio,"['perduto', 'amore']",13
14º,Daniele Silvestri,Salirò,2002,D. Silvestri,['salirò'],14
15º,Nino D'Angelo,Marì,2002,"N. D'Angelo, N. Tortora e P. Leon",['marì'],15
16º,Patty Pravo,L'immenso,2002,"F. Carraresi, L. Tempestini e R. Pacco",['immenso'],16
17º,Loredana Bertè,Dimmi che mi ami,2002,"D. Latino, N. Tortora e P. Leon","['dimmi', 'ami']",17
18º,Mino Reitano,La mia canzone,2002,"P. Panella, A. Paoletti e M. Reitano",['canzone'],18
19º,Lollipop,Batte forte,2002,"L. Rana, G. Giorgilli e A. Blescia","['batte', 'forte']",19
20º,Timoria,Casa mia,2002,O. Pedrini,['casa'],20
1º,Alexia,Per dire di no,2003,A. Salerno e Alexia,['dire'],1
2º,Alex Britti,7000 caffè,2003,A. Britti,"['7000', 'caffè']",2
3º,Sergio Cammariere,Tutto quello che un uomo,2003,R. Kunstler e S. Cammariere,['uomo'],3
4º,Enrico Ruggeri e Andrea Mirò,Nessuno tocchi Caino,2003,E. Ruggeri e A. Mirò,"['tocchi', 'caino']",4
5º,Syria,L'amore è,2003,Jovanotti,['amore'],5
6º,Lisa,Oceano,2003,"M. Malavasi, Leozed e A. Sandri",['oceano'],6
7º,Giuni Russo,Morirò d'amore,2003,"G. Russo, V. Magelli e M. A. Sisini","['morirò', 'amore']",7
8º,Silvia Salemi,Nel cuore delle donne,2003,G. Artegiani e S. Salemi,"['cuore', 'donne']",8
9º,Antonella Ruggiero,Di un amore,2003,A. Ruggiero e A. Volpe,['amore'],9
10º,Luca Barbarossa,Fortuna,2003,L. Barbarossa,['fortuna'],10
11º,Nino D'Angelo,'A storia 'e nisciuno,2003,N. D'Angelo e N. Tortora,"['storia', 'nisciuno']",11
12º,Cristiano De André,Un giorno nuovo,2003,"C. De André, O. Malaspina, M. Talamo, S. Melone e D. Fossati","['giorno', 'nuovo']",12
13º,Fausto Leali,Eri tu,2003,F. Leali e G. Panceri,['eri'],13
14º,Anna Oxa,Cambierò,2003,"M. Falagiani, M. Carnesecchi e A. Oxa",['cambierò'],14
15º,Eiffel 65,Quelli che non hanno età,2003,"D. Capuano, M. Lobina, G. Ponte, G. Randone e G. Colla","['hanno', 'età']",15
16º,Bobby Solo e Little Tony,Non si cresce mai,2003,"G. Bigazzi, G. Gastaldo e R. Satti",['cresce'],16
17º,Anna Tatangelo e Federico Stragà,Volere volare,2003,Bungaro e C. Passavanti,"['volere', 'volare']",17
18º,Negrita,Tonight,2003,"F. Barbacci, P. Bruni, F. Li Causi, C. Petricich e E. Salvi",['tonight'],18
19º,Amedeo Minghi,Sarà una canzone,2003,A. Minghi,"['sarà', 'canzone']",19
20º,Iva Zanicchi,Fossi un tango,2003,L. Lana e A. Donati,"['fossi', 'tango']",20
1º,Marco Masini,L'uomo volante,2004,"M. Masini, G. Dati e G. Orlandi","['uomo', 'volante']",1
2º,Mario Rosini,Sei la vita mia,2004,"L. Leone, L. Patruno, C. Noto, L. Rana e G. Giorgilli",['vita'],2
3º,Linda,"Aria, sole, terra e mare",2004,"L. Valori, L. Bruti, M. Di Paolo, D. De Santis","['aria', 'sole', 'terra', 'mare']",3
4º,Paolo Meneguzzi,Guardami negli occhi (prego),2004,"P. Meneguzzo, R. Di Bella, L. Mattioni e D. Melotti","['guardami', 'occhi', 'prego']",4
5º,Bungaro,Guardastelle,2004,G. Romanelli e Antonio Calò,['guardastelle'],5
6º,Massimo Modugno e Gipsy Kings,Quando l'aria mi sfiora,2004,Mogol e G. Bella,"['aria', 'sfiora']",6
7º,Stefano Picchi,Generale Kamikaze,2004,S. Picchi,"['generale', 'kamikaze']",7
8º,Morris Albert e Mietta,Cuore,2004,S. Dall'Ora e S. Boffa,['cuore'],8
9º,Neffa,Le ore piccole,2004,G. Pellino,"['ore', 'piccole']",9
10º,Mario Venuti,Crudele,2004,M. Venuti e Kaballà,['crudele'],10
11º,DJ Francesco,Era bellissimo,2004,"F. Facchinetti, S. Lucato, D. Primiceri e A. Rapetti","['era', 'bellissimo']",11
12º,Simone Tomassini,È stato tanto tempo fa,2004,S. Tomassini,"['stato', 'tanto', 'tempo', 'fa']",12
13º,DB Boulevard e Bill Wyman,Basterà,2004,"A. Ventura, R. Palù e D. Benedetti",['basterà'],13
14º,Andrea Mingardi e The Blues Brothers Band,È la musica,2004,A. Mingardi e M. Tirelli,['musica'],14
15º,Omar Pedrini,Lavoro inutile,2004,O. Pedrini,"['lavoro', 'inutile']",15
16º,Daniele Groff,Sei un miracolo,2004,D. Groff e M. Patrignani,['miracolo'],16
17º,Adriano Pappalardo,Nessun consiglio,2004,"R. Scarpetta, A. Pappalardo, L. Chiaravalli e G. Moretti","['nessun', 'consiglio']",17
18º,Veruska,Un angelo legato a un palo,2004,"Mogol, G. Bella e R. Bella","['angelo', 'legato', 'palo']",18
19º,Andrè,Il nostro amore,2004,"M. Canigiula, S. Labate e C. Labate",['amore'],19
20º,Danny Losito e Las Ketchup,Single,2004,D. Losito e M. Mariello,['single'],20
21º,Pacifico,Solo un sogno,2004,L. De Crescenzo,['sogno'],21
22º,Piotta,Ladro di te,2004,"T. Zanello, E. Rubbi e M. Altomare",['ladro'],22
1,Francesco Renga,Angelo,2005,F. Renga e M. Zappatini,['angelo'],1
2,Toto Cutugno con Annalisa Minetti,Come noi nessuno al mondo,2005,S. Cutugno,['mondo'],2
3,Antonella Ruggiero,Echi d'infinito,2005,M. Venuti e Kaballà,"['echi', 'infinito']",3
4,Nicky Nicolai e Stefano Di Battista Jazz Quartet,Che mistero è l'amore,2005,"M. Fabrizio, G. Lucariello e P. Marino","['mistero', 'amore']",4
5,Laura Bono,Non credo nei miracoli,2005,L. Bonometti e M. Natale,"['credo', 'miracoli']",5
1,Povia,Vorrei avere il becco,2006,G. Povia,"['vorrei', 'avere', 'becco']",1
2,Nomadi,Dove si va,2006,"C. Cattini, D. Sacco, M. Vecchi e G. Carletti","['dove', 'va']",2
3,Anna Tatangelo,Essere una donna,2006,Mogol e G. D'Alessio,"['essere', 'donna']",3
4,Riccardo Maffoni,Sole negli occhi,2006,R. Maffoni,"['sole', 'occhi']",4
1º,Simone Cristicchi,Ti regalerò una rosa,2007,S. Cristicchi,"['regalerò', 'rosa']",1
2º,Al Bano,Nel perdono,2007,"R. Zero, V. Incenzo, A. Paoletti e Y. Carrisi",['perdono'],2
3º,Piero Mazzocchetti,Schiavo d'amore,2007,G. Morra e M. Fabrizio,"['schiavo', 'amore']",3
4º,Daniele Silvestri,La paranza,2007,D. Silvestri,['paranza'],4
5º,Mango,Chissà se nevica,2007,G. Mango e C. De Bei,"['chissà', 'nevica']",5
6º,Paolo Meneguzzi,Musica,2007,"P. Meneguzzi, R. Di Bella e D. Melotti",['musica'],6
7º,Tosca,Il terzo fuochista,2007,"R. Mascellino, M. Venturiello e Tosca","['terzo', 'fuochista']",7
8º,Francesco con Roby Facchinetti,Vivere normale,2007,"S. Bertolotti, D. Calvetti, M. Ciappelli e F. Facchinetti","['vivere', 'normale']",8
9º,Zero Assoluto,Appena prima di partire,2007,"M. Maffucci, T. De Gasperi, D. Pao ed E. Sognato","['appena', 'prima', 'partire']",9
10º,Antonella Ruggiero,Canzone fra le guerre,2007,C. Carrara e A. Ruggiero,"['canzone', 'guerre']",10
1º,Giò Di Tonno e Lola Ponce,Colpo di fulmine,2008,G. Nannini,"['colpo', 'fulmine']",1
2º,Anna Tatangelo,Il mio amico,2008,L. D'Alessio,['amico'],2
3º,Fabrizio Moro,Eppure mi hai cambiato la vita,2008,F. Moro,"['hai', 'cambiato', 'vita']",3
4º,Toto Cutugno,Un falco chiuso in gabbia,2008,S. Cutugno e D. De Marinis,"['falco', 'chiuso', 'gabbia']",4
5º,Finley,Ricordi,2008,"C. Ruggiero, D. Persoglio, M. Pedretti, S. Mantegazza e D. Calvio",['ricordi'],5
6º,Paolo Meneguzzi,Grande,2008,"L. Panceri, P. Meneguzzo e D. Melotti",[],6
7º,Sergio Cammariere,L'amore non si spiega,2008,R. Kunstler e S. Cammariere,"['amore', 'spiega']",7
8º,Gianluca Grignani,Cammina nel sole,2008,G. Grignani,"['cammina', 'sole']",8
9º,Little Tony,Non finisce qui,2008,D. Amerio,['finisce'],9
10º,Eugenio Bennato,Grande sud,2008,E. Bennato,['sud'],10
11º,Mietta,Baciami adesso,2008,P. Panella e D. Ronda,"['baciami', 'adesso']",11
12º,Max Gazzè,Il solito sesso,2008,F. Gazzè e M. Gazzè,"['solito', 'sesso']",12
13º,L'Aura,Basta!,2008,L. Abela,['basta'],13
14º,Frankie hi-nrg mc,Rivoluzione,2008,"F. Di Gesù, F. Bruni e C. Galbignani",['rivoluzione'],14
15º,Michele Zarrillo,L'ultimo film insieme,2008,G. Artegiani e M. Zarrillo,"['ultimo', 'film', 'insieme']",15
16º,Tricarico,Vita tranquilla,2008,F. Tricarico,"['vita', 'tranquilla']",16
17º,Tiromancino,Il rubacuori,2008,F. Zampaglione,['rubacuori'],17
18º,Amedeo Minghi,Cammina cammina,2008,G. Marcucci e A. Minghi,"['cammina', 'cammina']",18
19º,Mario Venuti,A ferro e fuoco,2008,M. Venuti e Kaballà,"['ferro', 'fuoco']",19
1º,Marco Carta,La forza mia,2009,P. Carta,['forza'],1
2º,Povia,Luca era gay,2009,G. Povia,"['luca', 'era', 'gay']",2
3º,Sal Da Vinci,Non riesco a farti innamorare,2009,"V. D'Agostino, L. D'Alessio e S. M. Sorrentino","['riesco', 'farti', 'innamorare']",3
1º,Valerio Scanu,Per tutte le volte che...,2010,P. Carone,['volte'],1
2º,Pupo ed Emanuele Filiberto con Luca Canonici,Italia amore mio,2010,E. Filiberto ed E. Ghinazzi,"['italia', 'amore']",2
3º,Marco Mengoni,Credimi ancora,2010,"M. Mengoni, S. Fabiani, M. Calabrese e P. Calabrese","['credimi', 'ancora']",3
F (4º)[19],Noemi,Per tutta la vita,2010,D. Calvetti e M. Ciappelli,"['tutta', 'vita']",4
F (5º)[20],Malika Ayane,Ricomincio da qui,2010,"M. Ayane, Pacifico e F. Arnò",['ricomincio'],5
F (6º)[21],Irene Fornaciari feat. Nomadi,Il mondo piange,2010,"A. Fornaciari, D. Dattoli e I. Fornaciari","['mondo', 'piange']",6
F (7º)[22],Simone Cristicchi,Meno male,2010,"S. Cristicchi, F. Di Gesù, E. Marcelli e A. Canini","['meno', 'male']",7
F (8º)[23],Irene Grandi,La cometa di Halley,2010,F. Bianconi e I. Grandi,"['cometa', 'halley']",8
F (9º)[24],Arisa,Malamorenò,2010,G. Anastasi,['malamorenò'],9
F (10º)[25],Povia,La verità,2010,G. Povia,['verità'],10
1º,Roberto Vecchioni,Chiamami ancora amore,2011,R. Vecchioni,"['chiamami', 'ancora', 'amore']",1
2º,Modà con Emma,Arriverà,2011,"F. Silvestre, E. Zapparoli e E. Palmosi",['arriverà'],2
3º,Al Bano,Amanda è libera,2011,"F. Berlincioni, A. Carrisi e A. Paoletti","['amanda', 'libera']",3
4º,Davide Van De Sfroos,Yanez[22],2011,D. Bernasconi,"['yanez', '22']",4
5º,Luca Madonia con Franco Battiato,L'alieno,2011,L. Madonia,['alieno'],5
6º,La Crus,Io confesso,2011,M. E. Giovanardi e M. Curallo,['confesso'],6
7º,Nathalie,Vivo sospesa,2011,N. Giannitrapani,"['vivo', 'sospesa']",7
8º,Luca Barbarossa e Raquel del Rosario,Fino in fondo,2011,L. Barbarossa,"['fino', 'fondo']",8
9º,Anna Tatangelo,Bastardo,2011,"V. D'Agostino, A. Tatangelo e G. D'Alessio",['bastardo'],9
10º,Giusy Ferreri,Il mare immenso,2011,"Bungaro, G. Ferreri e M. Calò","['mare', 'immenso']",10
1º,Emma,Non è l'inferno,2012,"F. Silvestre, L. Sala e E. Palmosi",['inferno'],1
2º,Arisa,La notte,2012,G. Anastasi,['notte'],2
3º,Noemi,Sono solo parole,2012,F. Moro,['parole'],3
4º,Gigi D'Alessio e Loredana Bertè,Respirare,2012,L. D'Alessio e V. D'Agostino,['respirare'],4
5º,Pierdavide Carone e Lucio Dalla,Nanì,2012,P. Carone e L. Dalla,['nanì'],5
6º,Dolcenera,Ci vediamo a casa,2012,Dolcenera,"['vediamo', 'casa']",6
7º,Nina Zilli,Per sempre,2012,R. Casalino e N. Zilli,['sempre'],7
8º,Francesco Renga,La tua bellezza,2012,"F. Renga, D. Mancino e D. Faini",['bellezza'],8
9º,Samuele Bersani,Un pallone,2012,S. Bersani,['pallone'],9
10º,Eugenio Finardi,E tu lo chiami Dio,2012,R. Di Lorenzo,"['chiami', 'dio']",10
1º,Marco Mengoni,L'essenziale,2013,"R. Casalino, M. Mengoni e F. De Benedittis",['essenziale'],1
2º,Elio e le Storie Tese,La canzone mononota,2013,"S. Belisari, S. Conforti, D. L. Civaschi e N. Fasani","['canzone', 'mononota']",2
3º,Modà,Se si potesse non morire,2013,F. Silvestre,"['potesse', 'morire']",3
4º,Malika Ayane,E se poi,2013,G. Sangiorgi,['poi'],4
5º,Raphael Gualazzi,Sai (ci basta un sogno),2013,R. Gualazzi,"['sai', 'basta', 'sogno']",5
6º,Daniele Silvestri,A bocca chiusa,2013,D. Silvestri,"['bocca', 'chiusa']",6
7º,Max Gazzè,Sotto casa,2013,"F. Gazzè, M. Gazzè e F. De Benedittis","['sotto', 'casa']",7
8º,Chiara,Il futuro che sarà,2013,"F. Bianconi, L. Chiaravalli e L. Gonzalez Alea","['futuro', 'sarà']",8
9º,Annalisa,Scintille,2013,D. Faini e A. Galbiati,['scintille'],9
10º,Maria Nazionale,È colpa mia,2013,G. Servillo e F. Mesolella,['colpa'],10
11º,Simone Cristicchi,La prima volta (che sono morto),2013,S. Cristicchi e L. Pari,"['prima', 'volta', 'morto']",11
12º,Marta sui Tubi,Vorrei,2013,"G. Gulino, M. Boschi, C. Pipitone, P. Pischedda e I. Paolini",['vorrei'],12
13º,Simona Molinari con Peter Cincotti,La felicità,2013,"S. Molinari, M. Vultaggio, P. Cincotti e C. Avarello",['felicità'],13
14º,Almamegretta,Mamma non lo sa,2013,"G. Della Volpe, P. Polcari e G. Tesone","['mamma', 'sa']",14
1º,Arisa,Controvento,2014,G. Anastasi,['controvento'],1
2º,Raphael Gualazzi & The Bloody Beetroots,Liberi o no,2014,"R. Gualazzi, B. Rifo, L. Beccafichi",['liberi'],2
3º,Renzo Rubino,Ora,2014,"R. Rubino, A. Rodini",['ora'],3
4º,Francesco Renga,Vivendo adesso,2014,E. Toffoli,"['vivendo', 'adesso']",4
5º,Noemi,Bagnati dal sole,2014,"Noemi, C. Ailin, R. Frenneaux","['bagnati', 'sole']",5
6º,Perturbazione,L'unica,2014,"T. Cerasuolo, G. Giancursi, R. Lo Mele, A. Baracco, E. Diana, C. Lo Mele",['unica'],6
7º,Cristiano De André,Il cielo è vuoto,2014,"D. Mancino, C. De André, D. Faini","['cielo', 'vuoto']",7
8º,Frankie hi-nrg mc,Pedala,2014,"F. Di Gesú, C. Galbignani, L. Beccafichi",['pedala'],8
9º,Giusy Ferreri,Ti porto a cena con me,2014,"R. Casalino, D. Faini","['porto', 'cena']",9
10º,Francesco Sarcina,Nel tuo sorriso,2014,F. Sarcina,['sorriso'],10
11º,Giuliano Palma,Così lontano,2014,"N. Zilli, M. Ciappelli, A. Flora",['lontano'],11
12º,Antonella Ruggiero,Da lontano,2014,"A. Ruggiero, A. Graziano, A. Rossi, R. Colombo",['lontano'],12
13º,Ron,Sing in the rain,2014,"Ron, M. Del Forno","['sing', 'the', 'rain']",13
1º,Il Volo,Grande amore,2015,F. Boccia e C. Esposito,['amore'],1
2º,Nek,Fatti avanti amore,2015,"Nek, L. Chiaravalli, A. Bonomo e G. Fazio","['fatti', 'avanti', 'amore']",2
3º,Malika Ayane,Adesso e qui (nostalgico presente),2015,"M. Ayane, Pacifico, G. Caccamo e A. Flora","['adesso', 'nostalgico', 'presente']",3
4º,Annalisa,Una finestra tra le stelle,2015,F. Silvestre,"['finestra', 'stelle']",4
5º,Chiara,Straordinario,2015,E. Meta e G. Pollex,['straordinario'],5
6º,Marco Masini,Che giorno è,2015,"M. Masini, F. Camba e D. Coro",['giorno'],6
7º,Dear Jack,Il mondo esplode tranne noi,2015,P. Romitelli e D. Simonetta,"['mondo', 'esplode', 'tranne']",7
8º,Gianluca Grignani,Sogni infranti,2015,G. Grignani,"['sogni', 'infranti']",8
9º,Nina Zilli,Sola,2015,N. Zilli,['sola'],9
10º,Lorenzo Fragola,Siamo uguali,2015,"L. Fragola, Fedez e F. Cogliati","['siamo', 'uguali']",10
11º,Alex Britti,Un attimo importante,2015,A. Britti,"['attimo', 'importante']",11
12º,Irene Grandi,Un vento senza nome,2015,I. Grandi e S. Lanza,"['vento', 'nome']",12
13º,Nesli,Buona fortuna amore,2015,Nesli e Brando,"['buona', 'fortuna', 'amore']",13
14º,Bianca Atzei,Il solo al mondo,2015,F. Silvestre,['mondo'],14
15º,Moreno,Oggi ti parlo così,2015,"M. Donadoni, R. Casalino, M. Dagani, A. Erba e M. Zangirolami","['oggi', 'parlo']",15
16º,Grazia Di Michele e Mauro Coruzzi,Io sono una finestra,2015,G. Di Michele e R. Petrangeli,['finestra'],16
1º,Stadio,Un giorno mi dirai,2016,"S. Grandi, G. Curreri e L. Chiaravalli","['giorno', 'dirai']",1
2º,Francesca Michielin,Nessun grado di separazione,2016,"F. Michielin, F. Abbate, Cheope e F. Gargiulo","['nessun', 'grado', 'separazione']",2
3º,Giovanni Caccamo e Deborah Iurato,Via da qui,2016,G. Sangiorgi,['via'],3
4º,Enrico Ruggeri,Il primo amore non si scorda mai,2016,E. Ruggeri,"['primo', 'amore', 'scorda']",4
5º,Lorenzo Fragola,Infinite volte,2016,"L. Fragola, A. Filippelli, F. Ferraguzzo, R. L. Di Benedetto e R. Canale","['infinite', 'volte']",5
6º,Patty Pravo,Cieli immensi,2016,F. Zampaglione,"['cieli', 'immensi']",6
7º,Clementino,Quando sono lontano,2016,"C. Maccaro, K. Scherer e V. Stein",['lontano'],7
8º,Noemi,La borsa di una donna,2016,"M. Masini, M. Adami e A. Iammarino","['borsa', 'donna']",8
9º,Rocco Hunt,Wake Up,2016,"R. Pagliarulo, S. Benussi e V. Catanzaro","['wake', 'up']",9
10º,Arisa,Guardando il cielo,2016,G. Anastasi,"['guardando', 'cielo']",10
11º,Annalisa,Il diluvio universale,2016,D. Calvetti e A. Scarrone,"['diluvio', 'universale']",11
12º,Elio e le Storie Tese,Vincere l'odio,2016,"S. Belisari, S. Conforti, D. Civaschi e N. Fasani","['vincere', 'odio']",12
13º,Valerio Scanu,Finalmente piove,2016,F. Moro,"['finalmente', 'piove']",13
14º,Alessio Bernabei,Noi siamo infinito,2016,"R. Casalino, I. Amatucci, e D. Faini","['siamo', 'infinito']",14
15º,Dolcenera,Ora o mai più (le cose cambiano),2016,Dolcenera e Finaz,"['ora', 'cose', 'cambiano']",15
16º,Irene Fornaciari,Blu,2016,"G. Dati, I. Fornaciari, M. Fontana e D. Calvetti",['blu'],16
1º,Francesco Gabbani,Occidentali's Karma,2017,"F. Ilacqua, F. Gabbani e L. Chiaravalli","['occidentali', 's', 'karma']",1
2º,Fiorella Mannoia,Che sia benedetta,2017,Amara e S. Mineo,"['sia', 'benedetta']",2
3º,Ermal Meta,Vietato morire,2017,E. Meta,"['vietato', 'morire']",3
4º,Michele Bravi,Il diario degli errori,2017,"Cheope, F. Abbate e G. Anastasi","['diario', 'errori']",4
5º,Paola Turci,Fatti bella per te,2017,"G. Anania, L. Chiaravalli, D. Simonetta e P. Turci",['fatti'],5
6º,Sergio Sylvestre,Con te,2017,"Giorgia Todrani, S. Sylvestre e S. Maiuolo",[],6
7º,Fabrizio Moro,Portami via,2017,F. Mobrici e R. Cardelli,"['portami', 'via']",7
8º,Elodie,Tutta colpa mia,2017,"E. Marrone, O. Angiuli, G. Pollex e F. Cianciola","['tutta', 'colpa']",8
9º,Bianca Atzei,Ora esisti solo tu,2017,F. Silvestre,"['ora', 'esisti']",9
10º,Samuel,Vedrai,2017,"Samuel, C. Rigano e R. Onori",['vedrai'],10
11º,Michele Zarrillo,Mani nelle mani,2017,M. Zarrillo e G. Artegiani,"['mani', 'mani']",11
12º,Lodovica Comello,Il cielo non mi basta,2017,"A. Di Martino, F. Abbate, D. Faini e F. Ferraguzzo","['cielo', 'basta']",12
13º,Marco Masini,Spostato di un secondo,2017,"M. Masini, Zibba e D. Calvetti","['spostato', 'secondo']",13
14º,Chiara,Nessun posto è casa mia,2017,N. Verrienti e C. Verrienti,"['nessun', 'posto', 'casa']",14
15º,Alessio Bernabei,Nel mezzo di un applauso,2017,"R. Casalino, Dardust e V. Casagrande","['mezzo', 'applauso']",15
16º,Clementino,Ragazzi fuori,2017,"C. Maccaro, F. Rizzo, P. M. Lombroni Capalbo e S. Tognini","['ragazzi', 'fuori']",16
1º,Ermal Meta e Fabrizio Moro,Non mi avete fatto niente,2018,"E. Meta, F. Mobrici e A. Febo","['avete', 'fatto']",1
2º,Lo Stato Sociale,Una vita in vacanza,2018,"A. Cazzola, F. Draicchio, L. Guenzi, A. Guidetti, E. Roberto e M. Romagnoli","['vita', 'vacanza']",2
3º,Annalisa,Il mondo prima di te,2018,"Annalisa, D. Simonetta e A. Raina","['mondo', 'prima']",3
4º,Ron,Almeno pensami,2018,L. Dalla,"['almeno', 'pensami']",4
5º,Ornella Vanoni con Bungaro e Pacifico,Imparare ad amarsi,2018,"Bungaro, Pacifico, C. Chiodo e A. Fresa","['imparare', 'ad', 'amarsi']",5
6°,Max Gazzè,La leggenda di Cristalda e Pizzomunno,2018,"F. Gazzè, M. Gazzè e F. De Benedittis","['leggenda', 'cristalda', 'pizzomunno']",6
7º,Luca Barbarossa,Passame er sale,2018,L. Barbarossa,"['passame', 'er', 'sale']",7
8º,Diodato e Roy Paci,Adesso,2018,A. Diodato,['adesso'],8
9º,The Kolors,"Frida (mai, mai, mai)",2018,"D. Petrella, Dardust, A. Raina e Stash",['frida'],9
10º,Giovanni Caccamo,Eterno,2018,G. Caccamo e Cheope,['eterno'],10
11º,Le Vibrazioni,Così sbagliato,2018,"F. Sarcina, L. Chiaravalli, A. Bonomo e D. Simonetta",['sbagliato'],11
12º,Enzo Avitabile con Peppe Servillo,Il coraggio di ogni giorno,2018,V. Avitabile e Pacifico,"['coraggio', 'ogni', 'giorno']",12
13º,Renzo Rubino,Custodire,2018,R. Rubino,['custodire'],13
14º,Noemi,Non smettere mai di cercarmi,2018,"M. Pelan, Noemi, D. Calvetti e F. De Martino","['smettere', 'cercarmi']",14
15º,Red Canzian,Ognuno ha il suo racconto,2018,M. Porru e R. Canzian,"['ha', 'racconto']",15
16º,Decibel,Lettera dal Duca,2018,"E. Ruggeri, F. Muzio e S. Capeccia","['lettera', 'duca']",16
17º,Nina Zilli,Senza appartenere,2018,"G. Angi, A. Iammarino e N. Zilli",['appartenere'],17
18º,Roby Facchinetti e Riccardo Fogli,Il segreto del tempo,2018,Pacifico e R. Facchinetti,"['segreto', 'tempo']",18
19º,Mario Biondi,Rivederti,2018,"M. Biondi, G. Furnari e D. Fisicaro",['rivederti'],19
20º,Elio e le Storie Tese,Arrivedorci,2018,"S. Belisari, S. Conforti, D. Civaschi e N. Fasani",['arrivedorci'],20
1º,Mahmood,Soldi,2019,Mahmood,['soldi'],1
2º,Ultimo,I tuoi particolari,2019,Ultimo,['particolari'],2
3º,Il Volo,Musica che resta,2019,"G. Nannini, E. Munda, P. Romitelli, P. Mammaro e A. Carozza","['musica', 'resta']",3
4º,Loredana Bertè,Cosa ti aspetti da me,2019,"G. Curreri, G. Pulli e P. Romitelli",['aspetti'],4
5º,Simone Cristicchi,Abbi cura di me,2019,"S. Cristicchi, N. Brunialti e G. Ortenzi","['abbi', 'cura']",5
6º,Daniele Silvestri,Argentovivo,2019,"D. Silvestri, T. Iurcich, F. Rondanini e M. Agnelli",['argentovivo'],6
7º,Irama,La ragazza con il cuore di latta,2019,"Irama, G. Colonnelli, A. Debernardi e G. Nenna","['ragazza', 'cuore', 'latta']",7
8º,Arisa,Mi sento bene,2019,"M. Buzzanca, L. Vizzini, R. Pippa e A. Flora","['sento', 'bene']",8
9º,Achille Lauro,Rolls Royce,2019,"A. Lauro, D. Petrella, D. Dezi, D. Mungai e Boss Doms","['rolls', 'royce']",9
10º,Enrico Nigiotti,Nonno Hollywood,2019,E. Nigiotti,"['nonno', 'hollywood']",10
11º,Boomdabash,Per un milione,2019,"F. Abbate, R. Pagliarulo, A. Rapetti, A. Cisternino, A. Merli e F. Clemente",['milione'],11
12º,Ghemon,Rose viola,2019,Ghemon e Zef,"['rose', 'viola']",12
13º,Ex-Otago,Solo una canzone,2019,"M. Carucci, S. Bertuccini, F. Bacci, O. Martellacci e R. Bouchabla",['canzone'],13
14º,Motta,Dov'è l'Italia,2019,F. Motta,"['dov', 'italia']",14
15º,Francesco Renga,Aspetto che torni,2019,"Bungaro, F. Renga, C. Chiodo, Rakele e G. Runco","['aspetto', 'torni']",15
16º,Paola Turci,L'ultimo ostacolo,2019,"P. Turci, L. Chiaravalli, S. Marletta ed E. Roberts","['ultimo', 'ostacolo']",16
17º,The Zen Circus,L'amore è una dittatura,2019,"A. Appino, G. P. Cuccuru e M. Schiavelli","['amore', 'dittatura']",17
18º,Federica Carta e Shade,Senza farlo apposta,2019,"Shade, J. Ettorre, Jaro","['farlo', 'apposta']",18
19º,Nek,Mi farò trovare pronto,2019,"Nek, P. Antonacci e L. Chiaravalli","['farò', 'trovare', 'pronto']",19
20º,Negrita,I ragazzi stanno bene,2019,"P. Bruni, C. Petricich, E. Salvi, F. Barbacci, L. Cilembrini e G. Gagliano","['ragazzi', 'stanno', 'bene']",20
21º,Patty Pravo con Briga,Un po' come la vita,2019,"M. Rettani, D. Calvetti, Zibba, Briga e L. Leonori","['po', 'vita']",21
22º,Anna Tatangelo,Le nostre anime di notte,2019,L. Vizzini,"['anime', 'notte']",22
23º,Einar,Parole nuove,2019,"A. Maiello, E. Palmosi e N. Marotta","['parole', 'nuove']",23
24º,Nino D'Angelo e Livio Cori,Un'altra luce,2019,"L. Cori, N. D'Angelo, F. Fogliano, M. Dagani, G. Fracchiolla",['luce'],24
1º,Diodato,Fai rumore,2020,Diodato e E. Roberts,"['fai', 'rumore']",1
2º,Francesco Gabbani,Viceversa,2020,F. Gabbani e Pacifico,['viceversa'],2
3º,Pinguini Tattici Nucleari,Ringo Starr,2020,R. Zanotti,"['ringo', 'starr']",3
4º,Le Vibrazioni,Dov'è,2020,"R. Casalino, D. Simonetta e F. Sarcina",['dov'],4
5º,Piero Pelù,Gigante,2020,P. Pelù e L. Chiaravalli,['gigante'],5
6º,Tosca,Ho amato tutto,2020,P. Cantarelli,['amato'],6
7º,Elodie,Andromeda,2020,Mahmood e Dardust,['andromeda'],7
8º,Achille Lauro,Me ne frego,2020,"A. Lauro, D. Petrella, D. Dezi, D. Mungai, M. Ciceroni ed E. Manozzi",['frego'],8
9º,Irene Grandi,Finalmente io,2020,"V. Rossi, R. Casini, A. Righi e G. Curreri",['finalmente'],9
10º,Rancore,Eden,2020,Rancore e Dardust,['eden'],10
11º,Raphael Gualazzi,Carioca,2020,"R. Gualazzi, D. Petrella e D. Pavanello",['carioca'],11
12º,Levante,Tikibombom,2020,Levante,['tikibombom'],12
13º,Anastasio,Rosso di rabbia,2020,"Anastasio, L. Serventi, M. Azara e S. Tartaglini","['rosso', 'rabbia']",13
14º,Alberto Urso,Il sole ad est,2020,P. Romitelli e G. Pulli,"['sole', 'ad', 'est']",14
15º,Marco Masini,Il confronto,2020,"M. Masini, F. Camba e D. Coro",['confronto'],15
16º,Paolo Jannacci,Voglio parlarti adesso,2020,"A. Bonomo, P. Jannacci, E. Bassi e M. Bassi","['parlarti', 'adesso']",16
17º,Rita Pavone,Niente (Resilienza 74),2020,G. Merk,"['resilienza', '74']",17
18º,Michele Zarrillo,Nell'estasi o nel fango,2020,V. Parisse e M. Zarrillo,"['nell', 'estasi', 'fango']",18
19º,Enrico Nigiotti,Baciami adesso,2020,E. Nigiotti,"['baciami', 'adesso']",19
20º,Giordana Angi,Come mia madre,2020,G. Angi e M. Finotti,['madre'],20
21º,Elettra Lamborghini,Musica (e il resto scompare),2020,M. Canova Iorfida e D. Petrella,"['musica', 'resto', 'scompare']",21
22º,Junior Cally,No grazie,2020,"J. Cally, J. Ettorre, F. Mercuri, G. Cremona, E. Maimone e L. Grillotti",['grazie'],22
23º,Riki,Lo sappiamo entrambi,2020,R. Marcuzzo e R. Scirè,"['sappiamo', 'entrambi']",23
1º,Måneskin,Zitti e buoni,2021,"D. David, T. Raggi, V. De Angelis e E. Torchio","['zitti', 'buoni']",1
2º,Francesca Michielin e Fedez,Chiamami per nome,2021,"F. Michielin, Fedez, J. D'Amico, A. Mahmoud, A. Raina e D. Simonetta","['chiamami', 'nome']",2
3º,Ermal Meta,Un milione di cose da dirti,2021,E. Meta e R. Cardelli,"['milione', 'cose', 'dirti']",3
4º,Colapesce Dimartino,Musica leggerissima,2021,Colapesce e DiMartino,"['musica', 'leggerissima']",4
5º,Irama[20],La genesi del tuo colore,2021,"Irama, Dardust e G. Nenna","['genesi', 'colore']",5
6º,Willie Peyote,Mai dire mai (la locura),2021,"W. Peyote, C. Cavalieri D'Oro, D. Bestonzo e G. Petrelli","['dire', 'locura']",6
7º,Annalisa,Dieci,2021,"Annalisa, D. Simonetta, P. Antonacci e J. D'Amico",['dieci'],7
8º,Madame,Voce,2021,"Madame, Dardust e E. Botta",['voce'],8
9º,Orietta Berti,Quando ti sei innamorato,2021,"F. Boccia, C. Esposito e M. Rettani",['innamorato'],9
10º,Arisa,Potevi fare di più,2021,G. D'Alessio,"['potevi', 'fare']",10
11º,La Rappresentante di Lista,Amare,2021,"V. Lucchesi, D. Mangiaracina, Dardust e R. Cammarata",['amare'],11
12º,Extraliscio feat. Davide Toffolo,Bianca luce nera,2021,"M. Mariani, Pacifico e E. Sgarbi","['bianca', 'luce', 'nera']",12
13º,Lo Stato Sociale,Combat pop,2021,"A. Cazzola, F. Draicchio, J. Ettorre, L. Guenzi, A. Guidetti, E. Roberto e M. Romagnoli","['combat', 'pop']",13
14º,Noemi,Glicine,2021,"Tattroli[22], G. Lubrano, D. Faini e F. Fugazza",['glicine'],14
15º,Malika Ayane,Ti piaci così,2021,"M. Ayane, Pacifico, A. Flora e R. Rampino",['piaci'],15
16º,Fulminacci,Santa Marinella,2021,Fulminacci,"['santa', 'marinella']",16
17º,Max Gazzè,Il farmacista,2021,"F. Gazzè, M. Gazzè e F. De Benedittis",['farmacista'],17
18º,Fasma,Parlami,2021,Fasma e L. Zammarano,['parlami'],18
19º,Gaia,Cuore amaro,2021,"Gaia, J. Ettorre, G. Spedicato e D. Dezi","['cuore', 'amaro']",19
20º,Coma_Cose,Fiamme negli occhi,2021,"F. Zanardelli, F. Mesiano, F. Dalè e C. Frigerio","['fiamme', 'occhi']",20
21º,Ghemon,Momento perfetto,2021,"Ghemon, S. Privitera, G. Seccia e D. Raciti","['momento', 'perfetto']",21
22º,Francesco Renga,Quando trovo te,2021,"F. Renga, R. Casalino e Dardust",['trovo'],22
23º,Gio Evan,Arnica,2021,G. Evan e F. Catitti,['arnica'],23
24º,Bugo,E invece sì,2021,"Bugo, A. Bonomo e S. Bertolotti","['invece', 'sì']",24
25º,Aiello,Ora,2021,Aiello,['ora'],25
26º,Random,Torno a te,2021,Random e Zenit,['torno'],26
1º,Mahmood e Blanco,Brividi,2022,"Mahmood, Blanco e Michelangelo",['brividi'],1
2º,Elisa,O forse sei tu,2022,Elisa e D. Petrella,['forse'],2
3º,Gianni Morandi,Apri tutte le porte,2022,L. Jovanotti e R. Onori,"['apri', 'porte']",3
4º,Irama,Ovunque sarai,2022,"Irama, G. Nenna, Shablo, V. L. Faraone e G. Colonnelli","['ovunque', 'sarai']",4
5º,Sangiovanni,Farfalle,2022,"Sangiovanni, A. La Cava e S. Tognini",['farfalle'],5
6º,Emma,Ogni volta è così,2022,"D. Petrella, Emma e D. Faini","['ogni', 'volta']",6
7º,La Rappresentante di Lista,Ciao ciao,2022,"V. Lucchesi, D. Mangiaracina, R. Calabrese, R. Cammarata, C. Drago e S. Privitera",[],7
8º,Massimo Ranieri,Lettera di là dal mare,2022,F. Ilacqua,"['lettera', 'là', 'mare']",8
9º,Dargen D'Amico,Dove si balla,2022,"D. D'Amico, E. Roberts, G. Fazio e A. Bonomo","['dove', 'balla']",9
10º,Michele Bravi,Inverno dei fiori,2022,"A. A. Vella, M. Bravi, Cheope, F. Catitti e F. Abbate","['inverno', 'fiori']",10
11º,Matteo Romano,Virale,2022,"M. Romano, A. La Cava, F. Rossi e D. Faini",['virale'],11
12º,Fabrizio Moro,Sei tu,2022,F. Mobrici e R. Cardelli,[],12
13º,AKA 7even,Perfetta così,2022,"AKA 7even, V. Colella, M. E. Kleinschmidt, G. Vizzi e R. L. Patriarca",['perfetta'],13
14º,Achille Lauro con Harlem Gospel Choir,Domenica,2022,"A. Lauro, S. P. Manzari, D. Petrella, M. Ciceroni, M. Cutolo e G. Calculli",['domenica'],14
15º,Noemi,Ti amo non lo so dire,2022,"A. La Cava, Mahmood e D. Faini","['amo', 'so', 'dire']",15
16º,Ditonellapiaga e Rettore,Chimica,2022,"Ditonellapiaga, Rettore, A. Casagni, B. Ventura, E. Castroni e V. Smordoni",['chimica'],16
17º,Rkomi,Insuperabile,2022,"Rkomi, A. La Cava e F. Catitti",['insuperabile'],17
18º,Iva Zanicchi,Voglio amarti,2022,"E. Di Stefano, V. Mercurio, I. Ianne e C. Valli",['amarti'],18
19º,Giovanni Truppi,"Tuo padre, mia madre, Lucia",2022,"G. Truppi, N. Contessa, Pacifico, M. Buccelli e G. Pallotti","['padre', 'madre', 'lucia']",19
20º,Highsnob e Hu,Abbi cura di te,2022,"Highsnob, Hu, A. Moroni, F. De Marco e F. Musumeci","['abbi', 'cura']",20
21º,Yuman,Ora e qui,2022,"T. Di Giulio, F. Cataldo e Yuman",['ora'],21
22º,Le Vibrazioni,Tantissimo,2022,"R. Casalino, F. Sarcina e N. Verrienti",['tantissimo'],22
23º,Giusy Ferreri,Miele,2022,"D. Petrella, F. Abbate, F. Clemente e A. Merli",['miele'],23
24º,Ana Mena,Duecentomila ore,2022,"R. Hunt, F. Abbate e S. Tognini","['duecentomila', 'ore']",24
25º,Tananai,Sesso occasionale,2022,"Tananai, D. Simonetta, P. Antonacci e A. Raina","['sesso', 'occasionale']",25
1º,Marco Mengoni,Due vite,2023,"M. Mengoni, D. Petrella e D. Simonetta",['vite'],1
2º,Lazza,Cenere,2023,"Lazza, D. Petrella e Dardust",['cenere'],2
3º,Mr. Rain,Supereroi,2023,"Mr. Rain, F. Abbate e L. Vizzini",['supereroi'],3
4º,Ultimo,Alba,2023,Ultimo,['alba'],4
5º,Tananai,Tango,2023,"Tananai, P. Antonacci, A. Raina e D. Simonetta",['tango'],5
6º,Giorgia,Parole dette male,2023,"A. Bianco, F. Roccati, M. Dagani e M. M. G. Fracchiolla","['parole', 'dette', 'male']",6
7º,Madame,Il bene nel male,2023,"Madame, N. Biasin e I. Sinigaglia","['bene', 'male']",7
8º,Rosa Chemical,Made in Italy,2023,"Rosa Chemical, P. Antonacci, O. Inglese e D. Simonetta","['made', 'italy']",8
9º,Elodie,Due,2023,"Elodie, F. Abbate, J. Ettorre e F. Catitti",[],9
10º,Colapesce Dimartino,Splash,2023,Colapesce e Dimartino,['splash'],10
11º,Modà,Lasciami,2023,F. Silvestre e E. Palmosi,['lasciami'],11
12º,Gianluca Grignani,Quando ti manca il fiato,2023,G. Grignani ed E. Melozzi,"['manca', 'fiato']",12
13º,Coma_Cose,L'addio,2023,"F. Zanardelli, F. Mesiano, F. Dalè e C. Frigerio",['addio'],13
14º,Ariete,Mare di guai,2023,"Ariete, Calcutta, Dardust e V. Centrella","['mare', 'guai']",14
15º,LDA,Se poi domani,2023,"LDA, F. D'Alessio e A. Caiazza","['poi', 'domani']",15
16º,Articolo 31,Un bel viaggio,2023,"J-Ax, Grido, F. Abbate, DJ Jad, Wlady, A. Colangelo e D. Silvestri","['bel', 'viaggio']",16
17º,Paola & Chiara,Furore,2023,"J. Ettorre, A. La Cava, P. Iezzi, C. Iezzi, F. Mercuri, G. Cremona, L. Grillotti ed E. Maimone",['furore'],17
18º,Leo Gassmann,Terzo cuore,2023,"R. Zanotti, L. Gassmann, G. Pesenti e M. Paganelli","['terzo', 'cuore']",18
19º,Mara Sattei,Duemilaminuti,2023,"D. David, D. Mattei ed E. Brun",['duemilaminuti'],19
20º,Colla Zio,Non mi va,2023,"T. Bernasconi, T. Manzoni, A. Arminio, A. Malatesta, F. Lamperti e G. Pesenti",['va'],20
21º,Cugini di Campagna,Lettera 22,2023,"V. Lucchesi, D. Mangiaracina e F. Gargiulo","['lettera', '22']",21
22º,Gianmaria,Mostro,2023,"Gianmaria, G. Manilardi, V. Petrozzino, A. Filippelli e V. Centrella",['mostro'],22
23º,Levante,Vivo,2023,Levante,['vivo'],23
24º,Olly,Polvere,2023,"Olly, E. Lovito e J. Boverod",['polvere'],24
25º,Anna Oxa,Sali (canto dell'anima),2023,"A. Oxa, F. Bianconi, Kaballà e F. Zanotti","['sali', 'canto', 'dell', 'anima']",25
26º,Will,Stupido,2023,"Will, S. Cremonini e A. Pugliese",['stupido'],26
27º,Shari,Egoista,2023,"Shari, M. Pisciottu, L. Fenudi e R. Puddu",['egoista'],27
28º,Sethu,Cause perse,2023,M. De Lauri e G. De Lauri,"['cause', 'perse']",28
